"GPStime","peakFreq","snr","amplitude","centralFreq","duration","bandwidth","chisq","chisqDof","confidence","id","ifo","label","imgUrl"
1229057821.313,28.117,80.946,1.89e-21,3977.720,27.750,7945.525879,0.000,0.000,1.000,"tihveWX1dQ","L1","Scattered_Light","https://ldas-jobs.ligo-la.caltech.edu/~gravityspy/O3/ER13/XbrzDBIhP7/tihveWX1dQ.png"
1228992907.094,26.670,35.663,1.06e-21,3982.170,5.640,7936.626465,0.000,0.000,1.000,"gfGmGwgTBw","L1","Scattered_Light","https://ldas-jobs.ligo-la.caltech.edu/~gravityspy/O3/ER13/9avBuCi9L4/gfGmGwgTBw.png"
1228994072.938,28.117,34.323,8.31e-22,3726.615,3.302,7429.097656,0.000,0.000,1.000,"yfs8SXtr6C","L1","Scattered_Light","https://ldas-jobs.ligo-la.caltech.edu/~gravityspy/O3/ER13/9avBuCi9L4/yfs8SXtr6C.png"
1228976330.188,27.134,55.934,1.26e-21,2782.339,3.000,5535.706055,0.000,0.000,1.000,"97Uyv7NNxn","L1","Scattered_Light","https://ldas-jobs.ligo-la.caltech.edu/~gravityspy/O3/ER13/9avBuCi9L4/97Uyv7NNxn.png"
1229053489.125,32.499,88.811,1.50e-21,3977.241,32.562,7946.482910,0.000,0.000,1.000,"aVjtMgPUAa","L1","Scattered_Light","https://ldas-jobs.ligo-la.caltech.edu/~gravityspy/O3/ER13/XbrzDBIhP7/aVjtMgPUAa.png"
1228969398.188,26.655,43.016,1.05e-21,1895.495,3.000,3762.018311,0.000,0.000,1.000,"2vH5GN8s4d","L1","Scattered_Light","https://ldas-jobs.ligo-la.caltech.edu/~gravityspy/O3/ER13/9avBuCi9L4/2vH5GN8s4d.png"
1228986413.938,26.184,43.899,1.16e-21,3977.241,15.095,7946.482910,0.000,0.000,1.000,"q5TKF2QMvA","L1","Scattered_Light","https://ldas-jobs.ligo-la.caltech.edu/~gravityspy/O3/ER13/9avBuCi9L4/q5TKF2QMvA.png"
1228977314.188,24.822,46.247,1.33e-21,3982.484,4.029,7935.997070,0.000,0.000,1.000,"yhQksqljG2","L1","Scattered_Light","https://ldas-jobs.ligo-la.caltech.edu/~gravityspy/O3/ER13/9avBuCi9L4/yhQksqljG2.png"
1228991407.063,26.184,29.642,8.01e-22,3982.484,4.641,7935.997070,0.000,0.000,1.000,"RmakOEXwyr","L1","Scattered_Light","https://ldas-jobs.ligo-la.caltech.edu/~gravityspy/O3/ER13/9avBuCi9L4/RmakOEXwyr.png"
1228991822.438,23.953,31.907,1.46e-21,3978.769,2.537,7943.428223,0.000,0.000,1.000,"Ghvr7GsgXc","L1","Scattered_Light","https://ldas-jobs.ligo-la.caltech.edu/~gravityspy/O3/ER13/9avBuCi9L4/Ghvr7GsgXc.png"
1228973715.813,25.722,36.952,1.10e-21,39.746,2.250,50.521221,0.000,0.000,1.000,"SfJzvpC1pU","L1","Scattered_Light","https://ldas-jobs.ligo-la.caltech.edu/~gravityspy/O3/ER13/9avBuCi9L4/SfJzvpC1pU.png"
1228983366.563,24.822,26.235,9.91e-22,3977.720,12.997,7945.525879,0.000,0.000,1.000,"7nAdos1MeH","L1","Scattered_Light","https://ldas-jobs.ligo-la.caltech.edu/~gravityspy/O3/ER13/9avBuCi9L4/7nAdos1MeH.png"
1228993058.813,31.288,72.426,1.22e-21,3977.720,4.282,7945.525879,0.000,0.000,1.000,"YmDzyx2quq","L1","Scattered_Light","https://ldas-jobs.ligo-la.caltech.edu/~gravityspy/O3/ER13/9avBuCi9L4/YmDzyx2quq.png"
1228991800.797,25.687,17.522,5.61e-22,3982.484,2.250,7935.997070,0.000,0.000,1.000,"YwjtmF9avO","L1","Scattered_Light","https://ldas-jobs.ligo-la.caltech.edu/~gravityspy/O3/ER13/9avBuCi9L4/YwjtmF9avO.png"
1228969346.563,21.146,21.205,1.63e-21,3977.720,6.038,7945.525879,0.000,0.000,1.000,"e2TW7aol7Y","L1","Scattered_Light","https://ldas-jobs.ligo-la.caltech.edu/~gravityspy/O3/ER13/9avBuCi9L4/e2TW7aol7Y.png"
1228974798.438,25.722,34.410,9.51e-22,3982.484,2.750,7935.997070,0.000,0.000,1.000,"vJx9YmDAJ7","L1","Scattered_Light","https://ldas-jobs.ligo-la.caltech.edu/~gravityspy/O3/ER13/9avBuCi9L4/vJx9YmDAJ7.png"
1228985061.938,26.655,45.961,1.16e-21,3981.719,3.060,7937.526367,0.000,0.000,1.000,"Z6BojS2Pim","L1","Scattered_Light","https://ldas-jobs.ligo-la.caltech.edu/~gravityspy/O3/ER13/9avBuCi9L4/Z6BojS2Pim.png"
1228993286.688,23.531,19.856,1.04e-21,3982.484,2.440,7935.997070,0.000,0.000,1.000,"gyqMNRHSkT","L1","Scattered_Light","https://ldas-jobs.ligo-la.caltech.edu/~gravityspy/O3/ER13/9avBuCi9L4/gyqMNRHSkT.png"
1228975910.813,27.621,44.644,1.30e-21,3978.313,15.508,7944.340332,0.000,0.000,1.000,"fgjtoCjPRI","L1","Scattered_Light","https://ldas-jobs.ligo-la.caltech.edu/~gravityspy/O3/ER13/9avBuCi9L4/fgjtoCjPRI.png"
1228976260.563,25.722,48.624,1.37e-21,3977.241,3.000,7946.482910,0.000,0.000,1.000,"WEOpgjUWik","L1","Scattered_Light","https://ldas-jobs.ligo-la.caltech.edu/~gravityspy/O3/ER13/9avBuCi9L4/WEOpgjUWik.png"
1228990581.938,21.913,20.300,1.43e-21,3982.484,3.125,7935.997070,0.000,0.000,1.000,"eFbQbVUiQQ","L1","Scattered_Light","https://ldas-jobs.ligo-la.caltech.edu/~gravityspy/O3/ER13/9avBuCi9L4/eFbQbVUiQQ.png"
1228976084.813,24.822,39.450,1.32e-21,3982.484,4.841,7935.997070,0.000,0.000,1.000,"3ebbZ7zWM0","L1","Scattered_Light","https://ldas-jobs.ligo-la.caltech.edu/~gravityspy/O3/ER13/9avBuCi9L4/3ebbZ7zWM0.png"
1229135745.313,21.913,22.546,1.32e-21,3982.484,3.250,7935.997070,0.000,0.000,1.000,"BEoofzsmbd","L1","Scattered_Light","https://ldas-jobs.ligo-la.caltech.edu/~gravityspy/O3/ER13/qjYZFqQhHo/BEoofzsmbd.png"
1228976816.438,23.115,23.580,1.20e-21,2972.959,2.000,5916.947754,0.000,0.000,1.000,"5ecFWo49WY","L1","Scattered_Light","https://ldas-jobs.ligo-la.caltech.edu/~gravityspy/O3/ER13/9avBuCi9L4/5ecFWo49WY.png"
1228982123.813,24.822,44.834,1.37e-21,3980.537,6.096,7939.890625,0.000,0.000,1.000,"I4nEaeiVqw","L1","Scattered_Light","https://ldas-jobs.ligo-la.caltech.edu/~gravityspy/O3/ER13/9avBuCi9L4/I4nEaeiVqw.png"
1228983662.938,24.822,43.295,1.37e-21,3979.047,7.104,7942.870605,0.000,0.000,1.000,"zpvcZTjeYX","L1","Scattered_Light","https://ldas-jobs.ligo-la.caltech.edu/~gravityspy/O3/ER13/9avBuCi9L4/zpvcZTjeYX.png"
1228993809.938,21.913,12.656,1.10e-21,3982.484,2.466,7935.997070,0.000,0.000,1.000,"kTch2iclXR","L1","Scattered_Light","https://ldas-jobs.ligo-la.caltech.edu/~gravityspy/O3/ER13/9avBuCi9L4/kTch2iclXR.png"
1228993778.938,23.953,21.439,9.14e-22,3982.484,2.721,7935.997070,0.000,0.000,0.999,"RkwAYLxTNz","L1","Scattered_Light","https://ldas-jobs.ligo-la.caltech.edu/~gravityspy/O3/ER13/9avBuCi9L4/RkwAYLxTNz.png"
1228992744.563,21.526,19.991,1.57e-21,3977.720,9.000,7945.525879,0.000,0.000,0.999,"wYlS62cmby","L1","Scattered_Light","https://ldas-jobs.ligo-la.caltech.edu/~gravityspy/O3/ER13/9avBuCi9L4/wYlS62cmby.png"
1229065855.438,23.531,10.253,5.46e-22,20.497,1.500,12.023720,0.000,0.000,0.999,"yW5b8Zeh69","L1","Scattered_Light","https://ldas-jobs.ligo-la.caltech.edu/~gravityspy/O3/ER13/XbrzDBIhP7/yW5b8Zeh69.png"
1228992918.563,25.722,26.292,7.91e-22,3984.217,3.346,7932.532227,0.000,0.000,0.999,"YgpdOuFsy4","L1","Scattered_Light","https://ldas-jobs.ligo-la.caltech.edu/~gravityspy/O3/ER13/9avBuCi9L4/YgpdOuFsy4.png"
1228984201.188,21.913,13.610,9.51e-22,3982.484,2.061,7935.997070,0.000,0.000,0.999,"KEoOBjBYe8","L1","Scattered_Light","https://ldas-jobs.ligo-la.caltech.edu/~gravityspy/O3/ER13/9avBuCi9L4/KEoOBjBYe8.png"
1228994228.688,22.707,19.849,9.40e-22,3656.711,4.325,7290.042480,0.000,0.000,0.999,"kOrOG0LTop","L1","Scattered_Light","https://ldas-jobs.ligo-la.caltech.edu/~gravityspy/O3/ER13/9avBuCi9L4/kOrOG0LTop.png"
1229067114.625,10.189,7.839,5.34e-19,18.804,2.000,22.384390,0.000,0.000,0.999,"fKXAtkRpSM","L1","Scattered_Light","https://ldas-jobs.ligo-la.caltech.edu/~gravityspy/O3/ER13/XbrzDBIhP7/fKXAtkRpSM.png"
1229143749.438,22.306,33.013,1.59e-21,3982.484,2.897,7935.997070,0.000,0.000,0.999,"JLyjJq5Eg8","L1","Scattered_Light","https://ldas-jobs.ligo-la.caltech.edu/~gravityspy/O3/ER13/qjYZFqQhHo/JLyjJq5Eg8.png"
1229054282.313,31.851,87.732,1.62e-21,3977.241,39.000,7946.482910,0.000,0.000,0.999,"nkw8YG9dnW","L1","Scattered_Light","https://ldas-jobs.ligo-la.caltech.edu/~gravityspy/O3/ER13/XbrzDBIhP7/nkw8YG9dnW.png"
1228973687.813,24.384,33.033,1.13e-21,3981.011,4.010,7938.943359,0.000,0.000,0.999,"2Q5P9iZQx9","L1","Scattered_Light","https://ldas-jobs.ligo-la.caltech.edu/~gravityspy/O3/ER13/9avBuCi9L4/2Q5P9iZQx9.png"
1229139335.563,23.953,18.270,7.05e-22,3982.484,2.568,7935.997070,0.000,0.000,0.999,"utIBdABWag","L1","Scattered_Light","https://ldas-jobs.ligo-la.caltech.edu/~gravityspy/O3/ER13/qjYZFqQhHo/utIBdABWag.png"
1228987972.938,26.655,26.283,6.71e-22,3979.958,2.574,7941.049805,0.000,0.000,0.999,"i3aAO3RFNn","L1","Scattered_Light","https://ldas-jobs.ligo-la.caltech.edu/~gravityspy/O3/ER13/9avBuCi9L4/i3aAO3RFNn.png"
1228970030.813,23.953,29.039,1.06e-21,3587.577,6.500,7154.669434,0.000,0.000,0.999,"QxwD1tmS0o","L1","Scattered_Light","https://ldas-jobs.ligo-la.caltech.edu/~gravityspy/O3/ER13/9avBuCi9L4/QxwD1tmS0o.png"
1228994329.313,27.621,62.323,1.49e-21,3977.241,20.305,7946.482910,0.000,0.000,0.999,"lKw79ZeMn5","L1","Scattered_Light","https://ldas-jobs.ligo-la.caltech.edu/~gravityspy/O3/ER13/9avBuCi9L4/lKw79ZeMn5.png"
1228993488.039,24.802,7.975,2.54e-22,3984.217,1.750,7932.532227,0.000,0.000,0.999,"Gp4ab09S1N","L1","Scattered_Light","https://ldas-jobs.ligo-la.caltech.edu/~gravityspy/O3/ER13/9avBuCi9L4/Gp4ab09S1N.png"
1229063491.813,21.146,13.060,2.57e-21,3878.708,2.250,7738.079590,0.000,0.000,0.999,"UbAVbBS3XR","L1","Scattered_Light","https://ldas-jobs.ligo-la.caltech.edu/~gravityspy/O3/ER13/XbrzDBIhP7/UbAVbBS3XR.png"
1228983237.063,21.913,21.955,1.35e-21,3977.982,7.137,7945.000488,0.000,0.000,0.999,"mczaL8HPEN","L1","Scattered_Light","https://ldas-jobs.ligo-la.caltech.edu/~gravityspy/O3/ER13/9avBuCi9L4/mczaL8HPEN.png"
1228977509.063,20.046,10.965,1.33e-21,3978.313,4.000,7944.340332,0.000,0.000,0.999,"eqtpASoklo","L1","Scattered_Light","https://ldas-jobs.ligo-la.caltech.edu/~gravityspy/O3/ER13/9avBuCi9L4/eqtpASoklo.png"
1228993047.563,28.623,31.528,7.39e-22,3979.801,6.947,7941.364258,0.000,0.000,0.999,"fbK1nKErPa","L1","Scattered_Light","https://ldas-jobs.ligo-la.caltech.edu/~gravityspy/O3/ER13/9avBuCi9L4/fbK1nKErPa.png"
1228989814.563,23.115,31.346,1.42e-21,3982.484,3.438,7935.997070,0.000,0.000,0.999,"vVthsaDODI","L1","Scattered_Light","https://ldas-jobs.ligo-la.caltech.edu/~gravityspy/O3/ER13/9avBuCi9L4/vVthsaDODI.png"
1228979059.828,24.117,19.538,7.23e-22,3977.453,19.621,7946.058594,0.000,0.000,0.999,"ouE9i2WGLV","L1","Scattered_Light","https://ldas-jobs.ligo-la.caltech.edu/~gravityspy/O3/ER13/9avBuCi9L4/ouE9i2WGLV.png"
1229054979.438,21.526,26.358,2.49e-21,3980.075,2.500,7940.814453,0.000,0.000,0.998,"eUY22FpPx9","L1","Scattered_Light","https://ldas-jobs.ligo-la.caltech.edu/~gravityspy/O3/ER13/XbrzDBIhP7/eUY22FpPx9.png"
1228994225.313,21.146,21.516,1.37e-21,3977.720,7.000,7945.525879,0.000,0.000,0.998,"57zHT2Xz5y","L1","Scattered_Light","https://ldas-jobs.ligo-la.caltech.edu/~gravityspy/O3/ER13/9avBuCi9L4/57zHT2Xz5y.png"
1228982431.063,24.384,12.048,4.07e-22,3764.913,2.037,7493.925293,0.000,0.000,0.998,"i7bz9wQwoY","L1","Scattered_Light","https://ldas-jobs.ligo-la.caltech.edu/~gravityspy/O3/ER13/9avBuCi9L4/i7bz9wQwoY.png"
1228992413.313,26.184,31.261,8.88e-22,3979.958,6.036,7941.049805,0.000,0.000,0.998,"DsDeB5884V","L1","Scattered_Light","https://ldas-jobs.ligo-la.caltech.edu/~gravityspy/O3/ER13/9avBuCi9L4/DsDeB5884V.png"
1228983369.859,29.138,24.736,5.62e-22,3977.720,3.313,7945.525879,0.000,0.000,0.998,"dyiFe5KemM","L1","Scattered_Light","https://ldas-jobs.ligo-la.caltech.edu/~gravityspy/O3/ER13/9avBuCi9L4/dyiFe5KemM.png"
1228973684.219,20.387,10.030,1.36e-21,28.831,1.500,24.808290,0.000,0.000,0.998,"Z6mEjD3T2R","L1","Scattered_Light","https://ldas-jobs.ligo-la.caltech.edu/~gravityspy/O3/ER13/9avBuCi9L4/Z6mEjD3T2R.png"
1228975705.188,23.115,18.457,7.83e-22,3982.484,2.500,7935.997070,0.000,0.000,0.998,"YUJCfbsRAj","L1","Scattered_Light","https://ldas-jobs.ligo-la.caltech.edu/~gravityspy/O3/ER13/9avBuCi9L4/YUJCfbsRAj.png"
1229055643.813,21.146,14.617,2.09e-21,3977.241,4.380,7946.482910,0.000,0.000,0.998,"kKjhs7T92k","L1","Scattered_Light","https://ldas-jobs.ligo-la.caltech.edu/~gravityspy/O3/ER13/XbrzDBIhP7/kKjhs7T92k.png"
1228988946.938,23.953,24.956,9.24e-22,3979.047,2.883,7942.870605,0.000,0.000,0.998,"avLwdHtEyc","L1","Scattered_Light","https://ldas-jobs.ligo-la.caltech.edu/~gravityspy/O3/ER13/9avBuCi9L4/avLwdHtEyc.png"
1228992879.313,21.146,13.010,1.65e-21,26.830,2.750,31.003941,0.000,0.000,0.998,"ipR49hj6Eo","L1","Scattered_Light","https://ldas-jobs.ligo-la.caltech.edu/~gravityspy/O3/ER13/9avBuCi9L4/ipR49hj6Eo.png"
1228989412.938,21.526,20.094,1.58e-21,3982.484,2.500,7935.997070,0.000,0.000,0.997,"jBmtWZ2yLp","L1","Scattered_Light","https://ldas-jobs.ligo-la.caltech.edu/~gravityspy/O3/ER13/9avBuCi9L4/jBmtWZ2yLp.png"
1228993170.813,21.526,18.368,1.23e-21,3982.484,2.368,7935.997070,0.000,0.000,0.997,"b9A5xBcmLK","L1","Scattered_Light","https://ldas-jobs.ligo-la.caltech.edu/~gravityspy/O3/ER13/9avBuCi9L4/b9A5xBcmLK.png"
1229066755.313,28.623,71.004,1.84e-21,3978.161,16.156,7944.644043,0.000,0.000,0.997,"QXVNrCMjlk","L1","Scattered_Light","https://ldas-jobs.ligo-la.caltech.edu/~gravityspy/O3/ER13/XbrzDBIhP7/QXVNrCMjlk.png"
1229053157.563,20.406,14.467,2.14e-21,3982.484,2.280,7935.997070,0.000,0.000,0.997,"h2ZM3IwZKY","L1","Scattered_Light","https://ldas-jobs.ligo-la.caltech.edu/~gravityspy/O3/ER13/XbrzDBIhP7/h2ZM3IwZKY.png"
1228988815.375,21.845,20.813,1.22e-21,2578.354,2.625,5134.772949,0.000,0.000,0.997,"QhuRk9Ma4h","L1","Scattered_Light","https://ldas-jobs.ligo-la.caltech.edu/~gravityspy/O3/ER13/9avBuCi9L4/QhuRk9Ma4h.png"
1228993830.063,21.146,12.724,1.23e-21,3830.580,2.000,7649.482910,0.000,0.000,0.997,"x6KJP3r4Y8","L1","Scattered_Light","https://ldas-jobs.ligo-la.caltech.edu/~gravityspy/O3/ER13/9avBuCi9L4/x6KJP3r4Y8.png"
1229145994.563,25.722,28.668,7.43e-22,3977.241,4.250,7946.482910,0.000,0.000,0.997,"Rn4hTyjpSu","L1","Scattered_Light","https://ldas-jobs.ligo-la.caltech.edu/~gravityspy/O3/ER13/qjYZFqQhHo/Rn4hTyjpSu.png"
1228975756.438,29.137,45.234,1.04e-21,3978.313,7.956,7944.340332,0.000,0.000,0.997,"Hge9PGdaEL","L1","Scattered_Light","https://ldas-jobs.ligo-la.caltech.edu/~gravityspy/O3/ER13/9avBuCi9L4/Hge9PGdaEL.png"
1229068063.375,10.189,14.440,1.13e-18,3979.047,4.000,7942.870605,0.000,0.000,0.997,"i7hmICBxzf","L1","Scattered_Light","https://ldas-jobs.ligo-la.caltech.edu/~gravityspy/O3/ER13/XbrzDBIhP7/i7hmICBxzf.png"
1228993093.063,23.115,20.058,1.00e-21,2377.799,2.500,4726.627441,0.000,0.000,0.997,"FfiLRREMSE","L1","Scattered_Light","https://ldas-jobs.ligo-la.caltech.edu/~gravityspy/O3/ER13/9avBuCi9L4/FfiLRREMSE.png"
1229055192.813,28.623,73.316,1.79e-21,3977.720,19.107,7945.525879,0.000,0.000,0.997,"XJmPtVb18L","L1","Scattered_Light","https://ldas-jobs.ligo-la.caltech.edu/~gravityspy/O3/ER13/XbrzDBIhP7/XJmPtVb18L.png"
1228980893.313,21.913,30.831,1.72e-21,3977.720,7.858,7945.525879,0.000,0.000,0.996,"KB2mmfkztz","L1","Scattered_Light","https://ldas-jobs.ligo-la.caltech.edu/~gravityspy/O3/ER13/9avBuCi9L4/KB2mmfkztz.png"
1229062253.313,20.773,17.502,2.87e-21,3905.542,2.250,7791.929199,0.000,0.000,0.996,"uP3eVGdrX0","L1","Scattered_Light","https://ldas-jobs.ligo-la.caltech.edu/~gravityspy/O3/ER13/XbrzDBIhP7/uP3eVGdrX0.png"
1229063936.688,20.046,10.673,3.28e-21,21.619,2.500,25.082569,0.000,0.000,0.996,"DtxaoTuGDp","L1","Scattered_Light","https://ldas-jobs.ligo-la.caltech.edu/~gravityspy/O3/ER13/XbrzDBIhP7/DtxaoTuGDp.png"
1229055950.813,21.526,18.325,2.22e-21,3809.301,2.250,7603.377441,0.000,0.000,0.996,"8oGShs2qsh","L1","Scattered_Light","https://ldas-jobs.ligo-la.caltech.edu/~gravityspy/O3/ER13/XbrzDBIhP7/8oGShs2qsh.png"
1229065968.250,10.059,12.621,7.68e-19,3940.352,4.500,7870.580566,0.000,0.000,0.996,"OcNXtOxdar","L1","Scattered_Light","https://ldas-jobs.ligo-la.caltech.edu/~gravityspy/O3/ER13/XbrzDBIhP7/OcNXtOxdar.png"
1229133795.813,23.531,24.451,9.75e-22,33.472,2.500,37.972542,0.000,0.000,0.996,"D2cj3yel3u","L1","Scattered_Light","https://ldas-jobs.ligo-la.caltech.edu/~gravityspy/O3/ER13/qjYZFqQhHo/D2cj3yel3u.png"
1229136499.688,21.526,20.939,1.34e-21,3982.484,2.809,7935.997070,0.000,0.000,0.996,"RNdKn2vyky","L1","Scattered_Light","https://ldas-jobs.ligo-la.caltech.edu/~gravityspy/O3/ER13/qjYZFqQhHo/RNdKn2vyky.png"
1228985548.438,21.146,15.624,1.30e-21,3982.484,1.500,7935.997070,0.000,0.000,0.995,"K3TcZJ8AEo","L1","Scattered_Light","https://ldas-jobs.ligo-la.caltech.edu/~gravityspy/O3/ER13/9avBuCi9L4/K3TcZJ8AEo.png"
1228990457.063,20.773,17.979,1.97e-21,3979.801,3.680,7941.364258,0.000,0.000,0.995,"kZvlv2NMbB","L1","Scattered_Light","https://ldas-jobs.ligo-la.caltech.edu/~gravityspy/O3/ER13/9avBuCi9L4/kZvlv2NMbB.png"
1228974802.188,23.115,24.761,1.21e-21,3982.484,3.078,7935.997070,0.000,0.000,0.995,"Ssp8r1XUE0","L1","Scattered_Light","https://ldas-jobs.ligo-la.caltech.edu/~gravityspy/O3/ER13/9avBuCi9L4/Ssp8r1XUE0.png"
1228992503.438,20.773,13.310,1.72e-21,3982.484,1.854,7935.997070,0.000,0.000,0.995,"tHd0PsB1Kc","L1","Scattered_Light","https://ldas-jobs.ligo-la.caltech.edu/~gravityspy/O3/ER13/9avBuCi9L4/tHd0PsB1Kc.png"
1229139613.063,23.531,36.897,1.30e-21,3982.484,6.010,7935.997070,0.000,0.000,0.994,"DMigo6iPU5","L1","Scattered_Light","https://ldas-jobs.ligo-la.caltech.edu/~gravityspy/O3/ER13/qjYZFqQhHo/DMigo6iPU5.png"
1228984834.563,23.115,8.199,3.93e-22,3982.484,1.500,7935.997070,0.000,0.000,0.994,"KxRAhaTGDE","L1","Scattered_Light","https://ldas-jobs.ligo-la.caltech.edu/~gravityspy/O3/ER13/9avBuCi9L4/KxRAhaTGDE.png"
1229057559.938,20.773,15.683,2.68e-21,26.215,2.250,32.233501,0.000,0.000,0.994,"f2bk9Ba2Z7","L1","Scattered_Light","https://ldas-jobs.ligo-la.caltech.edu/~gravityspy/O3/ER13/XbrzDBIhP7/f2bk9Ba2Z7.png"
1229062815.188,20.773,17.427,3.35e-21,3609.992,2.500,7210.069824,0.000,0.000,0.994,"7VVKpF0d2U","L1","Scattered_Light","https://ldas-jobs.ligo-la.caltech.edu/~gravityspy/O3/ER13/XbrzDBIhP7/7VVKpF0d2U.png"
1229064111.625,33.435,104.886,1.81e-21,3977.720,27.102,7945.525879,0.000,0.000,0.994,"OFpjVFtuQC","L1","Scattered_Light","https://ldas-jobs.ligo-la.caltech.edu/~gravityspy/O3/ER13/XbrzDBIhP7/OFpjVFtuQC.png"
1228994268.813,21.913,18.803,1.17e-21,3982.484,2.313,7935.997070,0.000,0.000,0.994,"AxJf99ybNE","L1","Scattered_Light","https://ldas-jobs.ligo-la.caltech.edu/~gravityspy/O3/ER13/9avBuCi9L4/AxJf99ybNE.png"
1228982743.313,21.146,17.202,1.63e-21,3982.484,3.534,7935.997070,0.000,0.000,0.993,"Y0j8CsP4AW","L1","Scattered_Light","https://ldas-jobs.ligo-la.caltech.edu/~gravityspy/O3/ER13/9avBuCi9L4/Y0j8CsP4AW.png"
1229053449.063,20.046,13.352,2.50e-21,3977.241,4.206,7946.482910,0.000,0.000,0.993,"sCGYQarfi3","L1","Scattered_Light","https://ldas-jobs.ligo-la.caltech.edu/~gravityspy/O3/ER13/XbrzDBIhP7/sCGYQarfi3.png"
1228994088.781,24.114,27.247,9.64e-22,3980.390,7.725,7940.185059,0.000,0.000,0.992,"TQb5h0TZ7s","L1","Scattered_Light","https://ldas-jobs.ligo-la.caltech.edu/~gravityspy/O3/ER13/9avBuCi9L4/TQb5h0TZ7s.png"
1229067841.625,10.372,14.254,8.07e-19,3979.047,6.722,7942.870605,0.000,0.000,0.992,"KXgd2feakM","L1","Scattered_Light","https://ldas-jobs.ligo-la.caltech.edu/~gravityspy/O3/ER13/XbrzDBIhP7/KXgd2feakM.png"
1228992870.563,21.913,13.020,1.21e-21,26.055,2.000,16.209480,0.000,0.000,0.992,"BoejuZszNq","L1","Scattered_Light","https://ldas-jobs.ligo-la.caltech.edu/~gravityspy/O3/ER13/9avBuCi9L4/BoejuZszNq.png"
1229135236.813,20.046,15.263,1.53e-21,3977.720,2.250,7945.525879,0.000,0.000,0.992,"q9sX8Tz1ux","L1","Scattered_Light","https://ldas-jobs.ligo-la.caltech.edu/~gravityspy/O3/ER13/qjYZFqQhHo/q9sX8Tz1ux.png"
1228983652.281,21.803,9.671,6.96e-22,27.699,1.000,19.496170,0.000,0.000,0.992,"2RrxcLmKAG","L1","Scattered_Light","https://ldas-jobs.ligo-la.caltech.edu/~gravityspy/O3/ER13/9avBuCi9L4/2RrxcLmKAG.png"
1228976334.063,21.526,20.279,1.43e-21,3982.484,2.012,7935.997070,0.000,0.000,0.992,"eGNJR2yrQd","L1","Scattered_Light","https://ldas-jobs.ligo-la.caltech.edu/~gravityspy/O3/ER13/9avBuCi9L4/eGNJR2yrQd.png"
1229068212.313,24.384,12.732,5.91e-22,3982.484,3.539,7935.997070,0.000,0.000,0.991,"ni0WASw293","L1","Scattered_Light","https://ldas-jobs.ligo-la.caltech.edu/~gravityspy/O3/ER13/XbrzDBIhP7/ni0WASw293.png"
1228994276.188,21.913,19.137,1.20e-21,3688.572,2.250,7365.093262,0.000,0.000,0.991,"EfN5Zs7z7q","L1","Scattered_Light","https://ldas-jobs.ligo-la.caltech.edu/~gravityspy/O3/ER13/9avBuCi9L4/EfN5Zs7z7q.png"
1229135012.188,23.115,25.080,1.02e-21,3978.302,7.306,7944.360840,0.000,0.000,0.990,"32pzojKyPb","L1","Scattered_Light","https://ldas-jobs.ligo-la.caltech.edu/~gravityspy/O3/ER13/qjYZFqQhHo/32pzojKyPb.png"
1229061549.938,20.406,12.768,3.00e-21,3977.241,2.756,7946.482910,0.000,0.000,0.990,"tAB8AOqOCq","L1","Scattered_Light","https://ldas-jobs.ligo-la.caltech.edu/~gravityspy/O3/ER13/XbrzDBIhP7/tAB8AOqOCq.png"
1228993290.281,21.803,15.099,1.35e-21,3982.484,2.545,7935.997070,0.000,0.000,0.990,"kCm8M0X9Kz","L1","Scattered_Light","https://ldas-jobs.ligo-la.caltech.edu/~gravityspy/O3/ER13/9avBuCi9L4/kCm8M0X9Kz.png"
1228986593.531,21.083,16.111,1.47e-21,3982.484,2.005,7935.997070,0.000,0.000,0.990,"ypDhDHZDcy","L1","Scattered_Light","https://ldas-jobs.ligo-la.caltech.edu/~gravityspy/O3/ER13/9avBuCi9L4/ypDhDHZDcy.png"
1229052869.063,22.306,33.435,2.40e-21,3977.720,7.750,7945.525879,0.000,0.000,0.989,"J9qWucB9bB","L1","Scattered_Light","https://ldas-jobs.ligo-la.caltech.edu/~gravityspy/O3/ER13/XbrzDBIhP7/J9qWucB9bB.png"
1229134229.563,19.692,13.467,1.44e-21,3977.241,7.291,7946.482910,0.000,0.000,0.989,"KVPuCEyb0e","L1","Scattered_Light","https://ldas-jobs.ligo-la.caltech.edu/~gravityspy/O3/ER13/qjYZFqQhHo/KVPuCEyb0e.png"
1229061626.063,21.146,22.306,2.35e-21,3977.982,5.000,7945.000488,0.000,0.000,0.989,"RKki4LKs6G","L1","Scattered_Light","https://ldas-jobs.ligo-la.caltech.edu/~gravityspy/O3/ER13/XbrzDBIhP7/RKki4LKs6G.png"
1229059117.625,28.469,90.501,2.07e-21,3977.720,19.002,7945.525879,0.000,0.000,0.989,"iYDB3NgpJu","L1","Scattered_Light","https://ldas-jobs.ligo-la.caltech.edu/~gravityspy/O3/ER13/XbrzDBIhP7/iYDB3NgpJu.png"
1229133791.781,24.938,17.376,5.73e-22,3979.801,2.994,7941.364258,0.000,0.000,0.989,"1AHgybGgAC","L1","Scattered_Light","https://ldas-jobs.ligo-la.caltech.edu/~gravityspy/O3/ER13/qjYZFqQhHo/1AHgybGgAC.png"
1229061084.688,20.773,20.965,2.69e-21,3977.491,3.000,7945.982910,0.000,0.000,0.989,"8WCa5CAeqa","L1","Scattered_Light","https://ldas-jobs.ligo-la.caltech.edu/~gravityspy/O3/ER13/XbrzDBIhP7/8WCa5CAeqa.png"
1229133269.984,22.047,10.019,4.87e-22,24.323,1.500,19.674629,0.000,0.000,0.989,"NQQkoF8k8q","L1","Scattered_Light","https://ldas-jobs.ligo-la.caltech.edu/~gravityspy/O3/ER13/qjYZFqQhHo/NQQkoF8k8q.png"
1228983860.563,24.822,38.908,1.26e-21,3977.982,5.646,7945.000488,0.000,0.000,0.988,"gBSjtklhpE","L1","Scattered_Light","https://ldas-jobs.ligo-la.caltech.edu/~gravityspy/O3/ER13/9avBuCi9L4/gBSjtklhpE.png"
1229053174.563,20.046,12.744,3.04e-21,3982.484,2.102,7935.997070,0.000,0.000,0.988,"HUDjTaYOEa","L1","Scattered_Light","https://ldas-jobs.ligo-la.caltech.edu/~gravityspy/O3/ER13/XbrzDBIhP7/HUDjTaYOEa.png"
1228978747.641,22.644,14.025,7.01e-22,3980.474,3.205,7940.018066,0.000,0.000,0.988,"8sJBI4FrDV","L1","Scattered_Light","https://ldas-jobs.ligo-la.caltech.edu/~gravityspy/O3/ER13/9avBuCi9L4/8sJBI4FrDV.png"
1228983967.531,20.387,15.464,1.56e-21,3982.484,2.005,7935.997070,0.000,0.000,0.987,"RGCjISnp99","L1","Scattered_Light","https://ldas-jobs.ligo-la.caltech.edu/~gravityspy/O3/ER13/9avBuCi9L4/RGCjISnp99.png"
1229055971.688,29.661,72.774,2.00e-21,3977.720,20.833,7945.525879,0.000,0.000,0.987,"1RZB6He3eU","L1","Scattered_Light","https://ldas-jobs.ligo-la.caltech.edu/~gravityspy/O3/ER13/XbrzDBIhP7/1RZB6He3eU.png"
1228985280.063,32.423,89.618,1.22e-21,3978.308,6.473,7944.349609,0.000,0.000,0.987,"bkhSswwnhQ","L1","Scattered_Light","https://ldas-jobs.ligo-la.caltech.edu/~gravityspy/O3/ER13/9avBuCi9L4/bkhSswwnhQ.png"
1228973720.063,22.306,21.941,1.34e-21,3977.720,7.087,7945.525879,0.000,0.000,0.987,"VydG9IBhFI","L1","Scattered_Light","https://ldas-jobs.ligo-la.caltech.edu/~gravityspy/O3/ER13/9avBuCi9L4/VydG9IBhFI.png"
1229059352.875,30.417,96.744,2.14e-21,3977.720,24.000,7945.525879,0.000,0.000,0.987,"v8ftFrM4pO","L1","Scattered_Light","https://ldas-jobs.ligo-la.caltech.edu/~gravityspy/O3/ER13/XbrzDBIhP7/v8ftFrM4pO.png"
1229140904.563,21.526,22.932,1.39e-21,3978.313,6.000,7944.340332,0.000,0.000,0.986,"jk2SQJXOyM","L1","Scattered_Light","https://ldas-jobs.ligo-la.caltech.edu/~gravityspy/O3/ER13/qjYZFqQhHo/jk2SQJXOyM.png"
1228977508.938,20.046,10.256,1.41e-21,3361.935,1.250,6687.967285,0.000,0.000,0.986,"kDwuQ3TTjo","L1","Scattered_Light","https://ldas-jobs.ligo-la.caltech.edu/~gravityspy/O3/ER13/9avBuCi9L4/kDwuQ3TTjo.png"
1228992444.844,21.083,13.180,1.47e-21,1610.644,2.218,3192.316650,0.000,0.000,0.985,"2KJNH9VIPL","L1","Scattered_Light","https://ldas-jobs.ligo-la.caltech.edu/~gravityspy/O3/ER13/9avBuCi9L4/2KJNH9VIPL.png"
1228989151.125,21.234,11.285,1.05e-21,3979.780,2.251,7941.405273,0.000,0.000,0.983,"JzhPHsDAiX","L1","Scattered_Light","https://ldas-jobs.ligo-la.caltech.edu/~gravityspy/O3/ER13/9avBuCi9L4/JzhPHsDAiX.png"
1228993021.188,23.115,21.189,9.85e-22,3977.720,7.400,7945.525879,0.000,0.000,0.983,"PydUJbAdmc","L1","Scattered_Light","https://ldas-jobs.ligo-la.caltech.edu/~gravityspy/O3/ER13/9avBuCi9L4/PydUJbAdmc.png"
1229053152.938,19.063,9.093,2.76e-21,3876.124,6.174,7743.248535,0.000,0.000,0.982,"uXlebXUPaL","L1","Scattered_Light","https://ldas-jobs.ligo-la.caltech.edu/~gravityspy/O3/ER13/XbrzDBIhP7/uXlebXUPaL.png"
1228992733.438,19.692,7.750,1.60e-21,3977.241,1.309,7946.482910,0.000,0.000,0.982,"h0v2SFNAOE","L1","Scattered_Light","https://ldas-jobs.ligo-la.caltech.edu/~gravityspy/O3/ER13/9avBuCi9L4/h0v2SFNAOE.png"
1228980470.969,24.938,27.194,8.38e-22,3982.484,3.169,7935.997070,0.000,0.000,0.981,"Zh6lz97U4C","L1","Scattered_Light","https://ldas-jobs.ligo-la.caltech.edu/~gravityspy/O3/ER13/9avBuCi9L4/Zh6lz97U4C.png"
1228990102.063,20.773,13.891,1.60e-21,3483.281,1.750,6958.563477,0.000,0.000,0.981,"KFFi9eLzIp","L1","Scattered_Light","https://ldas-jobs.ligo-la.caltech.edu/~gravityspy/O3/ER13/9avBuCi9L4/KFFi9eLzIp.png"
1229062490.063,20.406,16.001,3.47e-21,3903.600,2.750,7795.812500,0.000,0.000,0.981,"cD2TD9nZvE","L1","Scattered_Light","https://ldas-jobs.ligo-la.caltech.edu/~gravityspy/O3/ER13/XbrzDBIhP7/cD2TD9nZvE.png"
1229062938.063,24.384,17.636,7.71e-22,3905.587,2.500,7791.837891,0.000,0.000,0.981,"ZnpxJIBsCA","L1","Scattered_Light","https://ldas-jobs.ligo-la.caltech.edu/~gravityspy/O3/ER13/XbrzDBIhP7/ZnpxJIBsCA.png"
1228978888.188,21.146,14.177,1.25e-21,3980.028,2.170,7940.909668,0.000,0.000,0.981,"wNuGE3CnRX","L1","Scattered_Light","https://ldas-jobs.ligo-la.caltech.edu/~gravityspy/O3/ER13/9avBuCi9L4/wNuGE3CnRX.png"
1229141514.438,20.406,15.431,1.28e-21,23.166,2.750,38.331799,0.000,0.000,0.981,"LG7hW19F2w","L1","Scattered_Light","https://ldas-jobs.ligo-la.caltech.edu/~gravityspy/O3/ER13/qjYZFqQhHo/LG7hW19F2w.png"
1228984492.563,25.268,52.929,1.37e-21,3796.751,3.204,7573.017578,0.000,0.000,0.980,"aQe9SRTqBZ","L1","Scattered_Light","https://ldas-jobs.ligo-la.caltech.edu/~gravityspy/O3/ER13/9avBuCi9L4/aQe9SRTqBZ.png"
1229067466.375,10.189,9.611,6.58e-19,3809.301,3.000,7603.377441,0.000,0.000,0.980,"ncWK6Esi52","L1","Scattered_Light","https://ldas-jobs.ligo-la.caltech.edu/~gravityspy/O3/ER13/XbrzDBIhP7/ncWK6Esi52.png"
1228993941.063,21.913,19.559,1.22e-21,3982.484,4.009,7935.997070,0.000,0.000,0.980,"TjkWOZosai","L1","Scattered_Light","https://ldas-jobs.ligo-la.caltech.edu/~gravityspy/O3/ER13/9avBuCi9L4/TjkWOZosai.png"
1229053641.281,21.083,18.404,2.14e-21,3977.982,2.250,7945.000488,0.000,0.000,0.980,"P40FHyWlGW","L1","Scattered_Light","https://ldas-jobs.ligo-la.caltech.edu/~gravityspy/O3/ER13/XbrzDBIhP7/P40FHyWlGW.png"
1229061622.313,20.773,9.633,1.79e-21,3978.040,1.500,7944.886719,0.000,0.000,0.979,"YqrA9zEEjU","L1","Scattered_Light","https://ldas-jobs.ligo-la.caltech.edu/~gravityspy/O3/ER13/XbrzDBIhP7/YqrA9zEEjU.png"
1228990271.188,19.344,12.556,2.10e-21,3982.484,3.672,7935.997070,0.000,0.000,0.979,"Bxe8xw8BVY","L1","Scattered_Light","https://ldas-jobs.ligo-la.caltech.edu/~gravityspy/O3/ER13/9avBuCi9L4/Bxe8xw8BVY.png"
1228992109.813,28.623,52.346,1.16e-21,3979.958,3.040,7941.049805,0.000,0.000,0.979,"GaRfwtGC2g","L1","Scattered_Light","https://ldas-jobs.ligo-la.caltech.edu/~gravityspy/O3/ER13/9avBuCi9L4/GaRfwtGC2g.png"
1228983849.563,21.913,15.919,9.74e-22,3979.801,2.605,7941.364258,0.000,0.000,0.979,"OZmRCaEwbn","L1","Scattered_Light","https://ldas-jobs.ligo-la.caltech.edu/~gravityspy/O3/ER13/9avBuCi9L4/OZmRCaEwbn.png"
1229067023.313,23.115,7.768,5.48e-22,3704.955,0.750,7374.007813,0.000,0.000,0.978,"ancimgmKn1","L1","Scattered_Light","https://ldas-jobs.ligo-la.caltech.edu/~gravityspy/O3/ER13/XbrzDBIhP7/ancimgmKn1.png"
1229065958.188,20.773,12.112,2.73e-21,3404.973,5.000,6794.723145,0.000,0.000,0.978,"0axEoYauOX","L1","Scattered_Light","https://ldas-jobs.ligo-la.caltech.edu/~gravityspy/O3/ER13/XbrzDBIhP7/0axEoYauOX.png"
1229062436.688,33.005,111.517,1.96e-21,3876.353,32.500,7742.791016,0.000,0.000,0.978,"wCFI1Dr23o","L1","Scattered_Light","https://ldas-jobs.ligo-la.caltech.edu/~gravityspy/O3/ER13/XbrzDBIhP7/wCFI1Dr23o.png"
1228987976.688,29.661,71.309,1.42e-21,3977.491,4.099,7945.982910,0.000,0.000,0.977,"xy793FQgEE","L1","Scattered_Light","https://ldas-jobs.ligo-la.caltech.edu/~gravityspy/O3/ER13/9avBuCi9L4/xy793FQgEE.png"
1228982073.188,19.714,10.465,1.78e-21,3979.242,3.500,7942.480469,0.000,0.000,0.977,"aOdLoeTCzK","L1","Scattered_Light","https://ldas-jobs.ligo-la.caltech.edu/~gravityspy/O3/ER13/9avBuCi9L4/aOdLoeTCzK.png"
1228989219.594,20.387,9.380,1.19e-21,3977.720,6.393,7945.525879,0.000,0.000,0.977,"KF6hwtZBRM","L1","Scattered_Light","https://ldas-jobs.ligo-la.caltech.edu/~gravityspy/O3/ER13/9avBuCi9L4/KF6hwtZBRM.png"
1228989405.063,20.773,16.783,1.73e-21,24.323,2.000,19.674629,0.000,0.000,0.977,"s8QIqWIhUJ","L1","Scattered_Light","https://ldas-jobs.ligo-la.caltech.edu/~gravityspy/O3/ER13/9avBuCi9L4/s8QIqWIhUJ.png"
1228992242.813,21.526,16.703,1.70e-21,3978.254,11.000,7944.458008,0.000,0.000,0.976,"z4N1TxSspT","L1","Scattered_Light","https://ldas-jobs.ligo-la.caltech.edu/~gravityspy/O3/ER13/9avBuCi9L4/z4N1TxSspT.png"
1229140987.656,24.938,25.571,8.51e-22,3982.484,3.129,7935.997070,0.000,0.000,0.976,"nN2R5l4eJa","L1","Scattered_Light","https://ldas-jobs.ligo-la.caltech.edu/~gravityspy/O3/ER13/qjYZFqQhHo/nN2R5l4eJa.png"
1229053170.813,20.773,14.444,2.37e-21,1601.269,2.000,3182.340820,0.000,0.000,0.976,"x1IsmKXopm","L1","Scattered_Light","https://ldas-jobs.ligo-la.caltech.edu/~gravityspy/O3/ER13/XbrzDBIhP7/x1IsmKXopm.png"
1229053520.938,21.526,17.170,1.93e-21,3876.353,3.000,7742.791016,0.000,0.000,0.976,"W1ITbF6oxc","L1","Scattered_Light","https://ldas-jobs.ligo-la.caltech.edu/~gravityspy/O3/ER13/XbrzDBIhP7/W1ITbF6oxc.png"
1229135245.688,22.707,12.126,5.66e-22,3942.641,3.500,7866.002930,0.000,0.000,0.976,"ViiEqnOOMJ","L1","Scattered_Light","https://ldas-jobs.ligo-la.caltech.edu/~gravityspy/O3/ER13/qjYZFqQhHo/ViiEqnOOMJ.png"
1229058736.813,20.046,16.177,3.04e-21,3977.720,2.500,7945.525879,0.000,0.000,0.976,"D6BtysFqFB","L1","Scattered_Light","https://ldas-jobs.ligo-la.caltech.edu/~gravityspy/O3/ER13/XbrzDBIhP7/D6BtysFqFB.png"
1228970305.438,21.526,17.712,1.26e-21,3982.484,2.119,7935.997070,0.000,0.000,0.975,"R8QR58sICY","L1","Scattered_Light","https://ldas-jobs.ligo-la.caltech.edu/~gravityspy/O3/ER13/9avBuCi9L4/R8QR58sICY.png"
1229054047.438,30.736,100.098,1.78e-21,3977.482,20.000,7946.001953,0.000,0.000,0.975,"dWlcIGGybt","L1","Scattered_Light","https://ldas-jobs.ligo-la.caltech.edu/~gravityspy/O3/ER13/XbrzDBIhP7/dWlcIGGybt.png"
1229057539.563,21.526,33.601,2.98e-21,3978.040,8.250,7944.886719,0.000,0.000,0.975,"8NbNTlzCMW","L1","Scattered_Light","https://ldas-jobs.ligo-la.caltech.edu/~gravityspy/O3/ER13/XbrzDBIhP7/8NbNTlzCMW.png"
1228978899.656,21.803,20.147,1.25e-21,3977.241,2.000,7946.482910,0.000,0.000,0.975,"Hp4iP76Gdl","L1","Scattered_Light","https://ldas-jobs.ligo-la.caltech.edu/~gravityspy/O3/ER13/9avBuCi9L4/Hp4iP76Gdl.png"
1229054768.438,21.526,19.759,1.93e-21,3977.720,5.000,7945.525879,0.000,0.000,0.975,"KGBxeBg87D","L1","Scattered_Light","https://ldas-jobs.ligo-la.caltech.edu/~gravityspy/O3/ER13/XbrzDBIhP7/KGBxeBg87D.png"
1228992128.063,23.115,26.631,1.18e-21,3982.484,3.386,7935.997070,0.000,0.000,0.975,"gRfl143yhr","L1","Scattered_Light","https://ldas-jobs.ligo-la.caltech.edu/~gravityspy/O3/ER13/9avBuCi9L4/gRfl143yhr.png"
1229057603.188,19.692,10.814,2.89e-21,24.323,1.000,19.674629,0.000,0.000,0.975,"jzYxhc8GwF","L1","Scattered_Light","https://ldas-jobs.ligo-la.caltech.edu/~gravityspy/O3/ER13/XbrzDBIhP7/jzYxhc8GwF.png"
1228985276.438,21.526,18.312,1.31e-21,3763.181,2.500,7497.390625,0.000,0.000,0.974,"4Fx0uYGsoV","L1","Scattered_Light","https://ldas-jobs.ligo-la.caltech.edu/~gravityspy/O3/ER13/9avBuCi9L4/4Fx0uYGsoV.png"
1229060360.938,20.406,12.729,2.50e-21,3978.135,3.094,7944.695313,0.000,0.000,0.974,"mmVhEEIdQf","L1","Scattered_Light","https://ldas-jobs.ligo-la.caltech.edu/~gravityspy/O3/ER13/XbrzDBIhP7/mmVhEEIdQf.png"
1229068045.813,10.416,14.575,9.76e-19,3979.047,4.489,7942.870605,0.000,0.000,0.974,"cwCEun0rPm","L1","Scattered_Light","https://ldas-jobs.ligo-la.caltech.edu/~gravityspy/O3/ER13/XbrzDBIhP7/cwCEun0rPm.png"
1228968789.813,20.046,10.959,1.34e-21,3982.484,1.500,7935.997070,0.000,0.000,0.973,"Kh9uP3cnCD","L1","Scattered_Light","https://ldas-jobs.ligo-la.caltech.edu/~gravityspy/O3/ER13/9avBuCi9L4/Kh9uP3cnCD.png"
1229059977.188,21.526,27.300,2.84e-21,28.409,2.500,27.846210,0.000,0.000,0.972,"5EqC9ejCKD","L1","Scattered_Light","https://ldas-jobs.ligo-la.caltech.edu/~gravityspy/O3/ER13/XbrzDBIhP7/5EqC9ejCKD.png"
1228991265.813,21.526,22.407,1.64e-21,3980.363,2.500,7940.240723,0.000,0.000,0.971,"uhtXuZK7gy","L1","Scattered_Light","https://ldas-jobs.ligo-la.caltech.edu/~gravityspy/O3/ER13/9avBuCi9L4/uhtXuZK7gy.png"
1229054788.313,21.526,10.674,1.04e-21,2769.042,2.000,5509.112793,0.000,0.000,0.970,"kaGZWCdTlN","L1","Scattered_Light","https://ldas-jobs.ligo-la.caltech.edu/~gravityspy/O3/ER13/XbrzDBIhP7/kaGZWCdTlN.png"
1228977587.563,21.526,20.396,1.48e-21,3982.484,6.967,7935.997070,0.000,0.000,0.969,"qZashU2wzU","L1","Scattered_Light","https://ldas-jobs.ligo-la.caltech.edu/~gravityspy/O3/ER13/9avBuCi9L4/qZashU2wzU.png"
1228975517.203,22.644,10.067,5.10e-22,3727.825,1.727,7426.678711,0.000,0.000,0.969,"VewaCplsjS","L1","Scattered_Light","https://ldas-jobs.ligo-la.caltech.edu/~gravityspy/O3/ER13/9avBuCi9L4/VewaCplsjS.png"
1228991524.031,20.387,11.907,1.50e-21,3982.484,2.077,7935.997070,0.000,0.000,0.969,"lQgYusDBPT","L1","Scattered_Light","https://ldas-jobs.ligo-la.caltech.edu/~gravityspy/O3/ER13/9avBuCi9L4/lQgYusDBPT.png"
1228981486.563,23.115,10.359,4.90e-22,3982.484,1.799,7935.997070,0.000,0.000,0.968,"U0lyN8j5qC","L1","Scattered_Light","https://ldas-jobs.ligo-la.caltech.edu/~gravityspy/O3/ER13/9avBuCi9L4/U0lyN8j5qC.png"
1229061993.563,21.526,12.385,1.12e-21,26.295,2.250,32.074059,0.000,0.000,0.968,"a8IKSh4D72","L1","Scattered_Light","https://ldas-jobs.ligo-la.caltech.edu/~gravityspy/O3/ER13/XbrzDBIhP7/a8IKSh4D72.png"
1228973702.063,20.046,9.250,1.54e-21,3983.455,1.623,7934.056152,0.000,0.000,0.968,"NM9SxodZU1","L1","Scattered_Light","https://ldas-jobs.ligo-la.caltech.edu/~gravityspy/O3/ER13/9avBuCi9L4/NM9SxodZU1.png"
1229055681.375,27.154,70.159,1.97e-21,3977.720,4.000,7945.525879,0.000,0.000,0.967,"EJv1712rOK","L1","Scattered_Light","https://ldas-jobs.ligo-la.caltech.edu/~gravityspy/O3/ER13/XbrzDBIhP7/EJv1712rOK.png"
1228975458.313,23.531,11.329,4.54e-22,3982.484,1.875,7935.997070,0.000,0.000,0.967,"y3VhLaIaH0","L1","Scattered_Light","https://ldas-jobs.ligo-la.caltech.edu/~gravityspy/O3/ER13/9avBuCi9L4/y3VhLaIaH0.png"
1229138892.563,20.406,12.626,1.21e-21,3982.484,2.792,7935.997070,0.000,0.000,0.965,"6whNJXhGHT","L1","Scattered_Light","https://ldas-jobs.ligo-la.caltech.edu/~gravityspy/O3/ER13/qjYZFqQhHo/6whNJXhGHT.png"
1229060722.219,21.083,11.750,1.43e-21,3876.353,1.750,7742.791016,0.000,0.000,0.965,"iIb80kWmKQ","L1","Scattered_Light","https://ldas-jobs.ligo-la.caltech.edu/~gravityspy/O3/ER13/XbrzDBIhP7/iIb80kWmKQ.png"
1229141263.875,19.003,15.437,2.01e-21,3982.484,2.290,7935.997070,0.000,0.000,0.965,"rxq6c7JpZe","L1","Scattered_Light","https://ldas-jobs.ligo-la.caltech.edu/~gravityspy/O3/ER13/qjYZFqQhHo/rxq6c7JpZe.png"
1228982245.813,21.526,16.633,1.32e-21,3834.904,2.000,7640.835938,0.000,0.000,0.965,"LgwaMTxmAU","L1","Scattered_Light","https://ldas-jobs.ligo-la.caltech.edu/~gravityspy/O3/ER13/9avBuCi9L4/LgwaMTxmAU.png"
1228994068.313,21.913,19.529,1.11e-21,3982.484,2.684,7935.997070,0.000,0.000,0.964,"XOtbHqkj4G","L1","Scattered_Light","https://ldas-jobs.ligo-la.caltech.edu/~gravityspy/O3/ER13/9avBuCi9L4/XOtbHqkj4G.png"
1228992102.031,25.790,30.745,9.23e-22,3979.047,7.588,7942.870605,0.000,0.000,0.963,"Hakkc8Lb9E","L1","Scattered_Light","https://ldas-jobs.ligo-la.caltech.edu/~gravityspy/O3/ER13/9avBuCi9L4/Hakkc8Lb9E.png"
1228982216.563,21.526,18.187,1.44e-21,3982.484,2.000,7935.997070,0.000,0.000,0.963,"xmiKnzGQPO","L1","Scattered_Light","https://ldas-jobs.ligo-la.caltech.edu/~gravityspy/O3/ER13/9avBuCi9L4/xmiKnzGQPO.png"
1229065570.125,32.499,93.695,1.65e-21,3978.274,19.000,7944.418457,0.000,0.000,0.963,"CyDPOzrSMZ","L1","Scattered_Light","https://ldas-jobs.ligo-la.caltech.edu/~gravityspy/O3/ER13/XbrzDBIhP7/CyDPOzrSMZ.png"
1229057362.875,10.009,135.092,8.38e-18,3977.241,24.737,7946.482910,0.000,0.000,0.963,"HAQkAcqmok","L1","Scattered_Light","https://ldas-jobs.ligo-la.caltech.edu/~gravityspy/O3/ER13/XbrzDBIhP7/HAQkAcqmok.png"
1229064754.688,19.692,8.304,3.20e-21,3982.484,1.612,7935.997070,0.000,0.000,0.963,"XvIzmeSfKu","L1","Scattered_Light","https://ldas-jobs.ligo-la.caltech.edu/~gravityspy/O3/ER13/XbrzDBIhP7/XvIzmeSfKu.png"
1229054684.563,20.406,18.351,3.26e-21,3982.484,3.077,7935.997070,0.000,0.000,0.963,"N1SPFB0yic","L1","Scattered_Light","https://ldas-jobs.ligo-la.caltech.edu/~gravityspy/O3/ER13/XbrzDBIhP7/N1SPFB0yic.png"
1229061247.938,28.117,91.655,2.23e-21,3977.720,18.928,7945.525879,0.000,0.000,0.963,"aWJXlbn6GK","L1","Scattered_Light","https://ldas-jobs.ligo-la.caltech.edu/~gravityspy/O3/ER13/XbrzDBIhP7/aWJXlbn6GK.png"
1229063536.313,31.851,89.515,1.94e-21,3977.720,17.169,7945.525879,0.000,0.000,0.963,"EE7RrRhIHJ","L1","Scattered_Light","https://ldas-jobs.ligo-la.caltech.edu/~gravityspy/O3/ER13/XbrzDBIhP7/EE7RrRhIHJ.png"
1229065680.938,20.773,12.012,2.57e-21,21.869,2.500,24.583200,0.000,0.000,0.962,"cZDxlTpHID","L1","Scattered_Light","https://ldas-jobs.ligo-la.caltech.edu/~gravityspy/O3/ER13/XbrzDBIhP7/cZDxlTpHID.png"
1229148559.063,22.707,19.732,9.19e-22,3977.720,6.250,7945.525879,0.000,0.000,0.960,"jPIy8Oe8Bm","L1","Scattered_Light","https://ldas-jobs.ligo-la.caltech.edu/~gravityspy/O3/ER13/qjYZFqQhHo/jPIy8Oe8Bm.png"
1228986637.313,23.115,33.150,1.60e-21,3266.403,2.500,6503.834961,0.000,0.000,0.960,"pc3tRZf1Ug","L1","Scattered_Light","https://ldas-jobs.ligo-la.caltech.edu/~gravityspy/O3/ER13/9avBuCi9L4/pc3tRZf1Ug.png"
1229140979.313,20.773,18.948,1.55e-21,28.409,2.500,27.846210,0.000,0.000,0.959,"NCS5k4nt54","L1","Scattered_Light","https://ldas-jobs.ligo-la.caltech.edu/~gravityspy/O3/ER13/qjYZFqQhHo/NCS5k4nt54.png"
1228984791.375,19.003,9.171,1.80e-21,3982.484,1.723,7935.997070,0.000,0.000,0.959,"0S5t3H0NWT","L1","Scattered_Light","https://ldas-jobs.ligo-la.caltech.edu/~gravityspy/O3/ER13/9avBuCi9L4/0S5t3H0NWT.png"
1229068058.813,21.146,7.592,1.98e-21,3980.201,1.250,7940.562500,0.000,0.000,0.958,"X94N7bV11a","L1","Scattered_Light","https://ldas-jobs.ligo-la.caltech.edu/~gravityspy/O3/ER13/XbrzDBIhP7/X94N7bV11a.png"
1229065852.438,21.526,8.491,1.30e-21,3882.087,1.545,7731.321289,0.000,0.000,0.957,"jba4zFCbHW","L1","Scattered_Light","https://ldas-jobs.ligo-la.caltech.edu/~gravityspy/O3/ER13/XbrzDBIhP7/jba4zFCbHW.png"
1229054649.188,20.046,13.841,2.53e-21,20.886,2.250,26.548229,0.000,0.000,0.956,"YgP8Fmtyjl","L1","Scattered_Light","https://ldas-jobs.ligo-la.caltech.edu/~gravityspy/O3/ER13/XbrzDBIhP7/YgP8Fmtyjl.png"
1229067622.063,23.531,8.078,5.33e-22,2736.773,1.839,5454.391602,0.000,0.000,0.956,"gTNjbpqtOI","L1","Scattered_Light","https://ldas-jobs.ligo-la.caltech.edu/~gravityspy/O3/ER13/XbrzDBIhP7/gTNjbpqtOI.png"
1229061985.563,21.526,29.162,2.63e-21,2392.411,3.500,4769.597656,0.000,0.000,0.955,"Ouu6N5x1IO","L1","Scattered_Light","https://ldas-jobs.ligo-la.caltech.edu/~gravityspy/O3/ER13/XbrzDBIhP7/Ouu6N5x1IO.png"
1228985663.938,20.406,16.173,1.79e-21,3982.484,2.000,7935.997070,0.000,0.000,0.955,"VlmKOAyxgp","L1","Scattered_Light","https://ldas-jobs.ligo-la.caltech.edu/~gravityspy/O3/ER13/9avBuCi9L4/VlmKOAyxgp.png"
1229055640.688,22.707,36.391,2.33e-21,3698.826,2.666,7386.264160,0.000,0.000,0.953,"f1536je8oC","L1","Scattered_Light","https://ldas-jobs.ligo-la.caltech.edu/~gravityspy/O3/ER13/XbrzDBIhP7/f1536je8oC.png"
1228979151.313,21.526,22.119,1.47e-21,3982.484,3.273,7935.997070,0.000,0.000,0.953,"GvyYwaLR1t","L1","Scattered_Light","https://ldas-jobs.ligo-la.caltech.edu/~gravityspy/O3/ER13/9avBuCi9L4/GvyYwaLR1t.png"
1229141090.313,21.526,11.483,7.23e-22,3871.277,1.750,7713.583008,0.000,0.000,0.953,"admgmEKqhd","L1","Scattered_Light","https://ldas-jobs.ligo-la.caltech.edu/~gravityspy/O3/ER13/qjYZFqQhHo/admgmEKqhd.png"
1228975391.938,24.384,13.578,4.77e-22,28.409,2.000,27.846210,0.000,0.000,0.951,"Y0v6Uyb3Ju","L1","Scattered_Light","https://ldas-jobs.ligo-la.caltech.edu/~gravityspy/O3/ER13/9avBuCi9L4/Y0v6Uyb3Ju.png"
1228985851.563,20.046,8.902,1.39e-21,3984.217,1.721,7932.532227,0.000,0.000,0.950,"3gMiEj2am2","L1","Scattered_Light","https://ldas-jobs.ligo-la.caltech.edu/~gravityspy/O3/ER13/9avBuCi9L4/3gMiEj2am2.png"
1228991818.938,24.822,25.004,9.17e-22,3978.972,2.401,7943.022461,0.000,0.000,0.948,"Uay8psvvbt","L1","Scattered_Light","https://ldas-jobs.ligo-la.caltech.edu/~gravityspy/O3/ER13/9avBuCi9L4/Uay8psvvbt.png"
1228984459.063,20.773,17.261,1.78e-21,3978.201,6.037,7944.563965,0.000,0.000,0.948,"xDKZovurOs","L1","Scattered_Light","https://ldas-jobs.ligo-la.caltech.edu/~gravityspy/O3/ER13/9avBuCi9L4/xDKZovurOs.png"
1229058052.813,25.722,65.271,2.07e-21,3977.720,12.250,7945.525879,0.000,0.000,0.948,"Ag2C79sGfc","L1","Scattered_Light","https://ldas-jobs.ligo-la.caltech.edu/~gravityspy/O3/ER13/XbrzDBIhP7/Ag2C79sGfc.png"
1228990264.063,20.046,7.922,1.05e-21,3800.605,1.519,7565.309082,0.000,0.000,0.947,"lQNe8p5ceW","L1","Scattered_Light","https://ldas-jobs.ligo-la.caltech.edu/~gravityspy/O3/ER13/9avBuCi9L4/lQNe8p5ceW.png"
1229052792.188,25.722,70.846,2.12e-21,3977.491,12.000,7945.982910,0.000,0.000,0.946,"n1TTqcDw3x","L1","Scattered_Light","https://ldas-jobs.ligo-la.caltech.edu/~gravityspy/O3/ER13/XbrzDBIhP7/n1TTqcDw3x.png"
1229067337.188,24.384,15.205,6.90e-22,3197.182,3.000,6379.140137,0.000,0.000,0.944,"CR1tQiIF8O","L1","Scattered_Light","https://ldas-jobs.ligo-la.caltech.edu/~gravityspy/O3/ER13/XbrzDBIhP7/CR1tQiIF8O.png"
1229056236.688,19.692,8.778,2.44e-21,3808.068,1.500,7605.841797,0.000,0.000,0.943,"ap9iQpQGQ3","L1","Scattered_Light","https://ldas-jobs.ligo-la.caltech.edu/~gravityspy/O3/ER13/XbrzDBIhP7/ap9iQpQGQ3.png"
1229060215.188,28.117,91.267,2.41e-21,3977.720,37.000,7945.525879,0.000,0.000,0.943,"ZWFfDT2Dts","L1","Scattered_Light","https://ldas-jobs.ligo-la.caltech.edu/~gravityspy/O3/ER13/XbrzDBIhP7/ZWFfDT2Dts.png"
1228982817.742,45.301,12.687,1.22e-22,3981.299,11.097,7938.368164,0.000,0.000,0.942,"I9LoimKmXi","L1","Scattered_Light","https://ldas-jobs.ligo-la.caltech.edu/~gravityspy/O3/ER13/9avBuCi9L4/I9LoimKmXi.png"
1228978216.906,21.803,19.370,1.41e-21,3881.117,2.283,7733.262695,0.000,0.000,0.941,"YqHrHadjlg","L1","Scattered_Light","https://ldas-jobs.ligo-la.caltech.edu/~gravityspy/O3/ER13/9avBuCi9L4/YqHrHadjlg.png"
1229059253.938,21.526,10.050,9.18e-22,3491.212,1.690,6946.522949,0.000,0.000,0.941,"7jliZbBl4l","L1","Scattered_Light","https://ldas-jobs.ligo-la.caltech.edu/~gravityspy/O3/ER13/XbrzDBIhP7/7jliZbBl4l.png"
1229066664.688,20.773,9.100,2.42e-21,3979.047,3.250,7942.870605,0.000,0.000,0.940,"W8H7ZMte9I","L1","Scattered_Light","https://ldas-jobs.ligo-la.caltech.edu/~gravityspy/O3/ER13/XbrzDBIhP7/W8H7ZMte9I.png"
1228973712.563,23.115,21.990,1.18e-21,3982.484,2.589,7935.997070,0.000,0.000,0.939,"5CqL64H2ir","L1","Scattered_Light","https://ldas-jobs.ligo-la.caltech.edu/~gravityspy/O3/ER13/9avBuCi9L4/5CqL64H2ir.png"
1229056084.563,21.146,36.683,2.95e-21,3980.075,7.000,7940.814453,0.000,0.000,0.936,"iYqZVHLzQf","L1","Scattered_Light","https://ldas-jobs.ligo-la.caltech.edu/~gravityspy/O3/ER13/XbrzDBIhP7/iYqZVHLzQf.png"
1228979609.625,18.667,16.868,3.66e-21,3982.484,1.750,7935.997070,0.000,0.000,0.936,"LjSCMPn978","L1","Scattered_Light","https://ldas-jobs.ligo-la.caltech.edu/~gravityspy/O3/ER13/9avBuCi9L4/LjSCMPn978.png"
1228978284.688,19.714,10.076,1.67e-21,19.447,2.375,16.238199,0.000,0.000,0.936,"2luP7gkivT","L1","Scattered_Light","https://ldas-jobs.ligo-la.caltech.edu/~gravityspy/O3/ER13/9avBuCi9L4/2luP7gkivT.png"
1228980070.188,20.773,14.869,1.71e-21,3982.484,2.000,7935.997070,0.000,0.000,0.935,"Zae9o6wZtB","L1","Scattered_Light","https://ldas-jobs.ligo-la.caltech.edu/~gravityspy/O3/ER13/9avBuCi9L4/Zae9o6wZtB.png"
1228984151.688,21.913,15.685,1.01e-21,3977.762,5.500,7945.440918,0.000,0.000,0.935,"V7dyMUERYl","L1","Scattered_Light","https://ldas-jobs.ligo-la.caltech.edu/~gravityspy/O3/ER13/9avBuCi9L4/V7dyMUERYl.png"
1229057222.938,21.526,19.114,1.95e-21,728.773,3.547,1447.632568,0.000,0.000,0.934,"m2U2V9R0rF","L1","Scattered_Light","https://ldas-jobs.ligo-la.caltech.edu/~gravityspy/O3/ER13/XbrzDBIhP7/m2U2V9R0rF.png"
1228993801.688,20.773,10.676,1.35e-21,3623.742,2.000,7218.512695,0.000,0.000,0.934,"4ducixSWrw","L1","Scattered_Light","https://ldas-jobs.ligo-la.caltech.edu/~gravityspy/O3/ER13/9avBuCi9L4/4ducixSWrw.png"
1229135980.125,21.234,9.141,5.86e-22,810.201,2.500,1612.401367,0.000,0.000,0.933,"Zj7hWmP6if","L1","Scattered_Light","https://ldas-jobs.ligo-la.caltech.edu/~gravityspy/O3/ER13/qjYZFqQhHo/Zj7hWmP6if.png"
1228991681.281,20.387,11.673,1.33e-21,28.409,1.750,27.846210,0.000,0.000,0.933,"lIC2RzjhDm","L1","Scattered_Light","https://ldas-jobs.ligo-la.caltech.edu/~gravityspy/O3/ER13/9avBuCi9L4/lIC2RzjhDm.png"
1228992386.813,24.822,47.724,1.37e-21,3978.313,3.617,7944.340332,0.000,0.000,0.932,"LvxA2JhxWP","L1","Scattered_Light","https://ldas-jobs.ligo-la.caltech.edu/~gravityspy/O3/ER13/9avBuCi9L4/LvxA2JhxWP.png"
1228991906.188,23.953,38.308,1.37e-21,3980.725,2.750,7939.515137,0.000,0.000,0.931,"VSQ9rMiHNT","L1","Scattered_Light","https://ldas-jobs.ligo-la.caltech.edu/~gravityspy/O3/ER13/9avBuCi9L4/VSQ9rMiHNT.png"
1229056353.188,26.655,80.598,1.99e-21,3977.241,24.000,7946.482910,0.000,0.000,0.930,"xSBoWpayVI","L1","Scattered_Light","https://ldas-jobs.ligo-la.caltech.edu/~gravityspy/O3/ER13/XbrzDBIhP7/xSBoWpayVI.png"
1228990982.438,27.621,49.651,1.28e-21,2531.221,3.250,5043.577148,0.000,0.000,0.930,"pqvF9v7GQ6","L1","Scattered_Light","https://ldas-jobs.ligo-la.caltech.edu/~gravityspy/O3/ER13/9avBuCi9L4/pqvF9v7GQ6.png"
1228992261.938,27.621,29.166,7.07e-22,3977.241,8.500,7946.482910,0.000,0.000,0.927,"f9l3nCZbpp","L1","Scattered_Light","https://ldas-jobs.ligo-la.caltech.edu/~gravityspy/O3/ER13/9avBuCi9L4/f9l3nCZbpp.png"
1229055895.563,19.344,11.823,2.99e-21,3945.064,1.750,7861.156738,0.000,0.000,0.925,"sl1Nfxh8sB","L1","Scattered_Light","https://ldas-jobs.ligo-la.caltech.edu/~gravityspy/O3/ER13/XbrzDBIhP7/sl1Nfxh8sB.png"
1229054090.813,23.531,17.521,8.20e-22,3977.491,8.000,7945.982910,0.000,0.000,0.925,"B5znFoULIv","L1","Scattered_Light","https://ldas-jobs.ligo-la.caltech.edu/~gravityspy/O3/ER13/XbrzDBIhP7/B5znFoULIv.png"
1229057408.063,19.714,7.836,2.53e-21,3981.703,2.750,7937.559082,0.000,0.000,0.925,"Xtxg8DPhE1","L1","Scattered_Light","https://ldas-jobs.ligo-la.caltech.edu/~gravityspy/O3/ER13/XbrzDBIhP7/Xtxg8DPhE1.png"
1229055946.688,23.115,38.374,2.50e-21,3866.881,4.000,7722.374023,0.000,0.000,0.924,"Daak949L9F","L1","Scattered_Light","https://ldas-jobs.ligo-la.caltech.edu/~gravityspy/O3/ER13/XbrzDBIhP7/Daak949L9F.png"
1228983026.563,23.531,27.160,1.03e-21,3977.241,9.876,7946.482910,0.000,0.000,0.921,"dmBUeIqbu6","L1","Scattered_Light","https://ldas-jobs.ligo-la.caltech.edu/~gravityspy/O3/ER13/9avBuCi9L4/dmBUeIqbu6.png"
1228986276.563,21.146,21.309,1.53e-21,3982.484,2.877,7935.997070,0.000,0.000,0.921,"tbwBJN6PYj","L1","Scattered_Light","https://ldas-jobs.ligo-la.caltech.edu/~gravityspy/O3/ER13/9avBuCi9L4/tbwBJN6PYj.png"
1228988247.594,21.803,14.317,9.54e-22,3980.061,2.289,7940.843262,0.000,0.000,0.921,"oOY8oF6BOi","L1","Scattered_Light","https://ldas-jobs.ligo-la.caltech.edu/~gravityspy/O3/ER13/9avBuCi9L4/oOY8oF6BOi.png"
1228993782.313,28.117,42.712,1.04e-21,3977.241,8.356,7946.482910,0.000,0.000,0.920,"EDLBmogG9R","L1","Scattered_Light","https://ldas-jobs.ligo-la.caltech.edu/~gravityspy/O3/ER13/9avBuCi9L4/EDLBmogG9R.png"
1228993937.688,20.046,12.917,1.68e-21,3982.484,2.250,7935.997070,0.000,0.000,0.920,"e0sbnEsBYB","L1","Scattered_Light","https://ldas-jobs.ligo-la.caltech.edu/~gravityspy/O3/ER13/9avBuCi9L4/e0sbnEsBYB.png"
1229060989.313,27.134,88.176,2.14e-21,3902.753,17.000,7797.506348,0.000,0.000,0.916,"l7Xq7H3Xoq","L1","Scattered_Light","https://ldas-jobs.ligo-la.caltech.edu/~gravityspy/O3/ER13/XbrzDBIhP7/l7Xq7H3Xoq.png"
1229068219.781,24.114,11.102,5.55e-22,3979.958,5.813,7941.049805,0.000,0.000,0.915,"xVroUs8zJ5","L1","Scattered_Light","https://ldas-jobs.ligo-la.caltech.edu/~gravityspy/O3/ER13/XbrzDBIhP7/xVroUs8zJ5.png"
1229135227.813,23.115,12.835,5.53e-22,3798.873,2.500,7568.773926,0.000,0.000,0.915,"Wy5n0KfarU","L1","Scattered_Light","https://ldas-jobs.ligo-la.caltech.edu/~gravityspy/O3/ER13/qjYZFqQhHo/Wy5n0KfarU.png"
1229067577.188,10.416,10.570,8.29e-19,2959.899,4.223,5904.574219,0.000,0.000,0.914,"dRQKakfA7I","L1","Scattered_Light","https://ldas-jobs.ligo-la.caltech.edu/~gravityspy/O3/ER13/XbrzDBIhP7/dRQKakfA7I.png"
1228981062.188,21.526,21.965,1.59e-21,3982.484,2.738,7935.997070,0.000,0.000,0.914,"crHOC2x2Cr","L1","Scattered_Light","https://ldas-jobs.ligo-la.caltech.edu/~gravityspy/O3/ER13/9avBuCi9L4/crHOC2x2Cr.png"
1228983352.422,24.117,15.573,7.19e-22,3982.484,2.244,7935.997070,0.000,0.000,0.914,"WpHYTSJrjx","L1","Scattered_Light","https://ldas-jobs.ligo-la.caltech.edu/~gravityspy/O3/ER13/9avBuCi9L4/WpHYTSJrjx.png"
1229055685.813,30.193,71.419,1.50e-21,3977.720,14.000,7945.525879,0.000,0.000,0.911,"gz5XmsvIdA","L1","Scattered_Light","https://ldas-jobs.ligo-la.caltech.edu/~gravityspy/O3/ER13/XbrzDBIhP7/gz5XmsvIdA.png"
1228976812.563,24.822,39.512,1.25e-21,3977.720,2.631,7945.525879,0.000,0.000,0.907,"mZ8iQouE2R","L1","Scattered_Light","https://ldas-jobs.ligo-la.caltech.edu/~gravityspy/O3/ER13/9avBuCi9L4/mZ8iQouE2R.png"
1229054178.438,30.193,86.471,1.71e-21,3977.720,6.911,7945.525879,0.000,0.000,0.903,"udi3Og9CZ9","L1","Scattered_Light","https://ldas-jobs.ligo-la.caltech.edu/~gravityspy/O3/ER13/XbrzDBIhP7/udi3Og9CZ9.png"
1229055860.938,19.714,8.530,1.67e-21,1304.945,1.750,2577.036621,0.000,0.000,0.903,"nvnDkJ8rWO","L1","Scattered_Light","https://ldas-jobs.ligo-la.caltech.edu/~gravityspy/O3/ER13/XbrzDBIhP7/nvnDkJ8rWO.png"
1229059664.813,23.115,12.174,5.46e-22,3982.484,2.000,7935.997070,0.000,0.000,0.903,"zfCfg18z40","L1","Scattered_Light","https://ldas-jobs.ligo-la.caltech.edu/~gravityspy/O3/ER13/XbrzDBIhP7/zfCfg18z40.png"
1228987368.688,26.184,48.448,1.48e-21,3979.047,3.250,7942.870605,0.000,0.000,0.901,"YfMjhIULeu","L1","Scattered_Light","https://ldas-jobs.ligo-la.caltech.edu/~gravityspy/O3/ER13/9avBuCi9L4/YfMjhIULeu.png"
1228985824.688,21.146,10.073,9.94e-22,3978.769,2.500,7943.428223,0.000,0.000,0.900,"vFFeMgEPQI","L1","Scattered_Light","https://ldas-jobs.ligo-la.caltech.edu/~gravityspy/O3/ER13/9avBuCi9L4/vFFeMgEPQI.png"
1229058291.563,26.655,70.529,1.96e-21,3977.241,6.000,7946.482910,0.000,0.000,0.899,"AEdpyrhbuN","L1","Scattered_Light","https://ldas-jobs.ligo-la.caltech.edu/~gravityspy/O3/ER13/XbrzDBIhP7/AEdpyrhbuN.png"
1229058604.938,21.146,7.709,8.25e-22,962.318,1.250,1887.679443,0.000,0.000,0.898,"jIng5nXR8N","L1","Scattered_Light","https://ldas-jobs.ligo-la.caltech.edu/~gravityspy/O3/ER13/XbrzDBIhP7/jIng5nXR8N.png"
1229056744.813,27.134,83.078,2.23e-21,3977.241,16.580,7946.482910,0.000,0.000,0.898,"uFBO4bmAbb","L1","Scattered_Light","https://ldas-jobs.ligo-la.caltech.edu/~gravityspy/O3/ER13/XbrzDBIhP7/uFBO4bmAbb.png"
1229054917.188,29.137,71.871,1.78e-21,3977.491,22.000,7945.982910,0.000,0.000,0.897,"HJ86mGHUCa","L1","Scattered_Light","https://ldas-jobs.ligo-la.caltech.edu/~gravityspy/O3/ER13/XbrzDBIhP7/HJ86mGHUCa.png"
1228982838.313,19.714,8.512,1.65e-21,3982.484,2.139,7935.997070,0.000,0.000,0.896,"R2wpqaoZXT","L1","Scattered_Light","https://ldas-jobs.ligo-la.caltech.edu/~gravityspy/O3/ER13/9avBuCi9L4/R2wpqaoZXT.png"
1228984205.063,26.655,55.873,1.44e-21,3979.801,10.500,7941.364258,0.000,0.000,0.894,"Ot20WLEX8M","L1","Scattered_Light","https://ldas-jobs.ligo-la.caltech.edu/~gravityspy/O3/ER13/9avBuCi9L4/Ot20WLEX8M.png"
1228990477.688,22.707,23.088,1.24e-21,3982.484,4.810,7935.997070,0.000,0.000,0.894,"p299ZZtudl","L1","Scattered_Light","https://ldas-jobs.ligo-la.caltech.edu/~gravityspy/O3/ER13/9avBuCi9L4/p299ZZtudl.png"
1229057363.406,31.546,82.388,1.60e-21,3977.241,11.879,7946.482910,0.000,0.000,0.892,"JFIspm3EV1","L1","Scattered_Light","https://ldas-jobs.ligo-la.caltech.edu/~gravityspy/O3/ER13/XbrzDBIhP7/JFIspm3EV1.png"
1229064706.938,21.146,9.428,1.88e-21,3940.071,3.119,7871.142578,0.000,0.000,0.892,"28OelXg27o","L1","Scattered_Light","https://ldas-jobs.ligo-la.caltech.edu/~gravityspy/O3/ER13/XbrzDBIhP7/28OelXg27o.png"
1228975709.063,25.268,34.394,1.09e-21,768.543,2.000,1513.378418,0.000,0.000,0.891,"uvcSiSBqH9","L1","Scattered_Light","https://ldas-jobs.ligo-la.caltech.edu/~gravityspy/O3/ER13/9avBuCi9L4/uvcSiSBqH9.png"
1228985612.438,20.046,9.246,1.08e-21,3980.061,3.250,7940.843262,0.000,0.000,0.889,"gDPPP9DyKk","L1","Scattered_Light","https://ldas-jobs.ligo-la.caltech.edu/~gravityspy/O3/ER13/9avBuCi9L4/gDPPP9DyKk.png"
1229061938.563,20.406,21.051,3.99e-21,3979.801,6.750,7941.364258,0.000,0.000,0.889,"JSlP7XsFWO","L1","Scattered_Light","https://ldas-jobs.ligo-la.caltech.edu/~gravityspy/O3/ER13/XbrzDBIhP7/JSlP7XsFWO.png"
1229057477.813,26.184,65.298,1.96e-21,3977.241,10.500,7946.482910,0.000,0.000,0.887,"Sgsl0YbgOO","L1","Scattered_Light","https://ldas-jobs.ligo-la.caltech.edu/~gravityspy/O3/ER13/XbrzDBIhP7/Sgsl0YbgOO.png"
1228986503.531,21.261,8.000,6.56e-22,3984.217,1.000,7932.532227,0.000,0.000,0.883,"pnDMyzEFKi","L1","Scattered_Light","https://ldas-jobs.ligo-la.caltech.edu/~gravityspy/O3/ER13/9avBuCi9L4/pnDMyzEFKi.png"
1228989097.438,25.722,33.170,9.49e-22,3979.801,3.303,7941.364258,0.000,0.000,0.882,"itHrKwsLfi","L1","Scattered_Light","https://ldas-jobs.ligo-la.caltech.edu/~gravityspy/O3/ER13/9avBuCi9L4/itHrKwsLfi.png"
1228983610.188,22.306,25.886,1.29e-21,3980.363,3.642,7940.240723,0.000,0.000,0.882,"IG5U3zeoXf","L1","Scattered_Light","https://ldas-jobs.ligo-la.caltech.edu/~gravityspy/O3/ER13/9avBuCi9L4/IG5U3zeoXf.png"
1229062832.625,33.120,103.933,1.92e-21,3977.491,26.500,7945.982910,0.000,0.000,0.881,"D6ouVzTqTn","L1","Scattered_Light","https://ldas-jobs.ligo-la.caltech.edu/~gravityspy/O3/ER13/XbrzDBIhP7/D6ouVzTqTn.png"
1229062104.563,28.623,56.084,1.28e-21,3977.720,7.000,7945.525879,0.000,0.000,0.879,"R1fNTb2Mb6","L1","Scattered_Light","https://ldas-jobs.ligo-la.caltech.edu/~gravityspy/O3/ER13/XbrzDBIhP7/R1fNTb2Mb6.png"
1229062867.188,20.406,12.053,3.19e-21,3982.484,2.191,7935.997070,0.000,0.000,0.878,"M4ZbhuaGir","L1","Scattered_Light","https://ldas-jobs.ligo-la.caltech.edu/~gravityspy/O3/ER13/XbrzDBIhP7/M4ZbhuaGir.png"
1229135232.313,23.115,15.569,6.71e-22,3982.484,3.062,7935.997070,0.000,0.000,0.878,"aN57DN7Q3B","L1","Scattered_Light","https://ldas-jobs.ligo-la.caltech.edu/~gravityspy/O3/ER13/qjYZFqQhHo/aN57DN7Q3B.png"
1228990267.813,21.146,19.497,1.58e-21,3408.410,2.500,6787.849609,0.000,0.000,0.877,"nYIM1mus1X","L1","Scattered_Light","https://ldas-jobs.ligo-la.caltech.edu/~gravityspy/O3/ER13/9avBuCi9L4/nYIM1mus1X.png"
1229055055.188,20.773,14.402,1.99e-21,3977.720,1.753,7945.525879,0.000,0.000,0.876,"4cCRchmjuw","L1","Scattered_Light","https://ldas-jobs.ligo-la.caltech.edu/~gravityspy/O3/ER13/XbrzDBIhP7/4cCRchmjuw.png"
1228991932.313,20.773,15.081,1.54e-21,3982.484,3.397,7935.997070,0.000,0.000,0.875,"T9E68wdaJv","L1","Scattered_Light","https://ldas-jobs.ligo-la.caltech.edu/~gravityspy/O3/ER13/9avBuCi9L4/T9E68wdaJv.png"
1229057620.438,21.146,18.396,2.46e-21,3977.858,2.000,7945.250000,0.000,0.000,0.874,"VcwHQtKyY0","L1","Scattered_Light","https://ldas-jobs.ligo-la.caltech.edu/~gravityspy/O3/ER13/XbrzDBIhP7/VcwHQtKyY0.png"
1229058587.313,19.344,8.448,2.23e-21,3939.821,2.500,7871.642578,0.000,0.000,0.871,"gPECc1uOjm","L1","Scattered_Light","https://ldas-jobs.ligo-la.caltech.edu/~gravityspy/O3/ER13/XbrzDBIhP7/gPECc1uOjm.png"
1229063560.688,21.146,8.881,2.34e-21,16.526,1.250,13.715740,0.000,0.000,0.870,"QDWmJ4n5tQ","L1","Scattered_Light","https://ldas-jobs.ligo-la.caltech.edu/~gravityspy/O3/ER13/XbrzDBIhP7/QDWmJ4n5tQ.png"
1229061694.313,21.526,9.540,7.61e-22,3907.996,1.565,7787.020996,0.000,0.000,0.869,"xzJOC4wKzK","L1","Scattered_Light","https://ldas-jobs.ligo-la.caltech.edu/~gravityspy/O3/ER13/XbrzDBIhP7/xzJOC4wKzK.png"
1228992552.063,26.655,36.396,8.84e-22,3981.463,7.070,7938.038574,0.000,0.000,0.869,"FH9nOY6r35","L1","Scattered_Light","https://ldas-jobs.ligo-la.caltech.edu/~gravityspy/O3/ER13/9avBuCi9L4/FH9nOY6r35.png"
1229053161.563,20.406,19.760,2.93e-21,23.582,3.250,37.499062,0.000,0.000,0.868,"JwaWzXZXWH","L1","Scattered_Light","https://ldas-jobs.ligo-la.caltech.edu/~gravityspy/O3/ER13/XbrzDBIhP7/JwaWzXZXWH.png"
1228992510.938,22.707,7.509,4.39e-22,3694.535,1.250,7353.167480,0.000,0.000,0.866,"SIyHsCmQJx","L1","Scattered_Light","https://ldas-jobs.ligo-la.caltech.edu/~gravityspy/O3/ER13/9avBuCi9L4/SIyHsCmQJx.png"
1229057564.313,28.117,59.451,1.42e-21,3977.720,7.000,7945.525879,0.000,0.000,0.866,"B9WcEPARm7","L1","Scattered_Light","https://ldas-jobs.ligo-la.caltech.edu/~gravityspy/O3/ER13/XbrzDBIhP7/B9WcEPARm7.png"
1228975128.688,23.953,26.169,1.07e-21,3980.061,3.500,7940.843262,0.000,0.000,0.864,"sphNP4OfLL","L1","Scattered_Light","https://ldas-jobs.ligo-la.caltech.edu/~gravityspy/O3/ER13/9avBuCi9L4/sphNP4OfLL.png"
1229058793.938,21.913,24.468,2.12e-21,3876.353,6.500,7742.791016,0.000,0.000,0.862,"I5WQBWgG2A","L1","Scattered_Light","https://ldas-jobs.ligo-la.caltech.edu/~gravityspy/O3/ER13/XbrzDBIhP7/I5WQBWgG2A.png"
1229057379.813,24.822,48.611,1.97e-21,3977.720,6.500,7945.525879,0.000,0.000,0.860,"VmWJq0wsKf","L1","Scattered_Light","https://ldas-jobs.ligo-la.caltech.edu/~gravityspy/O3/ER13/XbrzDBIhP7/VmWJq0wsKf.png"
1228994307.938,19.714,13.661,1.74e-21,21.026,2.000,13.080460,0.000,0.000,0.859,"f1WAYtkR0o","L1","Scattered_Light","https://ldas-jobs.ligo-la.caltech.edu/~gravityspy/O3/ER13/9avBuCi9L4/f1WAYtkR0o.png"
1228976826.313,21.526,11.569,9.91e-22,28.409,1.500,27.846210,0.000,0.000,0.858,"nEylwNrEHI","L1","Scattered_Light","https://ldas-jobs.ligo-la.caltech.edu/~gravityspy/O3/ER13/9avBuCi9L4/nEylwNrEHI.png"
1229057953.688,32.423,104.277,1.84e-21,3977.720,18.000,7945.525879,0.000,0.000,0.857,"ulm3WJnYwk","L1","Scattered_Light","https://ldas-jobs.ligo-la.caltech.edu/~gravityspy/O3/ER13/XbrzDBIhP7/ulm3WJnYwk.png"
1228993282.063,26.655,29.539,8.59e-22,31.358,4.250,42.200390,0.000,0.000,0.857,"9bOMpLvGmP","L1","Scattered_Light","https://ldas-jobs.ligo-la.caltech.edu/~gravityspy/O3/ER13/9avBuCi9L4/9bOMpLvGmP.png"
1229052742.938,19.692,14.465,2.93e-21,24.323,1.000,19.674629,0.000,0.000,0.857,"bzcARXQov5","L1","Scattered_Light","https://ldas-jobs.ligo-la.caltech.edu/~gravityspy/O3/ER13/XbrzDBIhP7/bzcARXQov5.png"
1229053549.563,27.621,71.619,1.99e-21,3977.720,19.879,7945.525879,0.000,0.000,0.854,"cg1Uhye741","L1","Scattered_Light","https://ldas-jobs.ligo-la.caltech.edu/~gravityspy/O3/ER13/XbrzDBIhP7/cg1Uhye741.png"
1228991353.875,22.688,8.217,3.77e-22,3984.217,1.500,7932.532227,0.000,0.000,0.850,"2L49XTqkhx","L1","Scattered_Light","https://ldas-jobs.ligo-la.caltech.edu/~gravityspy/O3/ER13/9avBuCi9L4/2L49XTqkhx.png"
1228993745.703,24.117,17.274,6.32e-22,3940.300,4.000,7870.685547,0.000,0.000,0.845,"F7f9tGT96Q","L1","Scattered_Light","https://ldas-jobs.ligo-la.caltech.edu/~gravityspy/O3/ER13/9avBuCi9L4/F7f9tGT96Q.png"
1229058954.375,28.201,88.401,2.19e-21,3977.720,12.504,7945.525879,0.000,0.000,0.842,"REG0ZVkLo6","L1","Scattered_Light","https://ldas-jobs.ligo-la.caltech.edu/~gravityspy/O3/ER13/XbrzDBIhP7/REG0ZVkLo6.png"
1228993822.188,23.115,19.162,1.05e-21,3979.958,2.454,7941.049805,0.000,0.000,0.839,"OsUTyCOtb1","L1","Scattered_Light","https://ldas-jobs.ligo-la.caltech.edu/~gravityspy/O3/ER13/9avBuCi9L4/OsUTyCOtb1.png"
1228970309.063,27.621,31.455,7.05e-22,3977.720,5.354,7945.525879,0.000,0.000,0.839,"XWpXv09dhk","L1","Scattered_Light","https://ldas-jobs.ligo-la.caltech.edu/~gravityspy/O3/ER13/9avBuCi9L4/XWpXv09dhk.png"
1228975155.141,22.047,9.923,5.71e-22,28.409,1.500,27.846210,0.000,0.000,0.839,"yfdSYwxOfr","L1","Scattered_Light","https://ldas-jobs.ligo-la.caltech.edu/~gravityspy/O3/ER13/9avBuCi9L4/yfdSYwxOfr.png"
1229052673.188,21.526,22.126,2.60e-21,3977.241,5.301,7946.482910,0.000,0.000,0.833,"CjHocRUOHu","L1","Scattered_Light","https://ldas-jobs.ligo-la.caltech.edu/~gravityspy/O3/ER13/XbrzDBIhP7/CjHocRUOHu.png"
1229058061.438,21.526,10.209,1.04e-21,3984.217,1.625,7932.532227,0.000,0.000,0.831,"DeabXTu5e1","L1","Scattered_Light","https://ldas-jobs.ligo-la.caltech.edu/~gravityspy/O3/ER13/XbrzDBIhP7/DeabXTu5e1.png"
1228980249.313,22.707,26.204,1.17e-21,3977.241,10.660,7946.482910,0.000,0.000,0.831,"Txn5loETB8","L1","Scattered_Light","https://ldas-jobs.ligo-la.caltech.edu/~gravityspy/O3/ER13/9avBuCi9L4/Txn5loETB8.png"
1228973947.063,19.344,10.615,1.79e-21,24.323,1.750,19.674629,0.000,0.000,0.830,"RwchY4EWaM","L1","Scattered_Light","https://ldas-jobs.ligo-la.caltech.edu/~gravityspy/O3/ER13/9avBuCi9L4/RwchY4EWaM.png"
1229063584.938,28.117,52.202,1.68e-21,3977.720,10.500,7945.525879,0.000,0.000,0.830,"noFu1rOAbB","L1","Scattered_Light","https://ldas-jobs.ligo-la.caltech.edu/~gravityspy/O3/ER13/XbrzDBIhP7/noFu1rOAbB.png"
1228970301.063,23.115,25.152,1.02e-21,3945.064,2.349,7861.156738,0.000,0.000,0.830,"jBjBVulmpx","L1","Scattered_Light","https://ldas-jobs.ligo-la.caltech.edu/~gravityspy/O3/ER13/9avBuCi9L4/jBjBVulmpx.png"
1229061327.313,23.115,46.589,2.28e-21,3977.241,10.469,7946.482910,0.000,0.000,0.824,"2yA5sw9PYa","L1","Scattered_Light","https://ldas-jobs.ligo-la.caltech.edu/~gravityspy/O3/ER13/XbrzDBIhP7/2yA5sw9PYa.png"
1229063715.563,27.621,98.624,2.38e-21,3977.720,9.520,7945.525879,0.000,0.000,0.824,"V0BB3I0LWQ","L1","Scattered_Light","https://ldas-jobs.ligo-la.caltech.edu/~gravityspy/O3/ER13/XbrzDBIhP7/V0BB3I0LWQ.png"
1229053768.031,20.387,10.586,1.61e-21,3982.484,2.372,7935.997070,0.000,0.000,0.823,"DspEaXU2Ey","L1","Scattered_Light","https://ldas-jobs.ligo-la.caltech.edu/~gravityspy/O3/ER13/XbrzDBIhP7/DspEaXU2Ey.png"
1229054676.625,20.253,13.891,2.59e-21,24.323,3.000,19.674629,0.000,0.000,0.823,"0XfkIE6CHh","L1","Scattered_Light","https://ldas-jobs.ligo-la.caltech.edu/~gravityspy/O3/ER13/XbrzDBIhP7/0XfkIE6CHh.png"
1229059341.125,30.417,91.018,1.74e-21,3977.720,6.750,7945.525879,0.000,0.000,0.819,"ybJNIjgJso","L1","Scattered_Light","https://ldas-jobs.ligo-la.caltech.edu/~gravityspy/O3/ER13/XbrzDBIhP7/ybJNIjgJso.png"
1229054131.875,24.703,44.923,1.85e-21,3977.658,21.000,7945.649902,0.000,0.000,0.819,"Df3q5HFv1r","L1","Scattered_Light","https://ldas-jobs.ligo-la.caltech.edu/~gravityspy/O3/ER13/XbrzDBIhP7/Df3q5HFv1r.png"
1229063197.438,20.406,12.255,2.69e-21,3977.241,8.674,7946.482910,0.000,0.000,0.818,"TifeVzHGfA","L1","Scattered_Light","https://ldas-jobs.ligo-la.caltech.edu/~gravityspy/O3/ER13/XbrzDBIhP7/TifeVzHGfA.png"
1228978884.563,19.344,11.375,1.99e-21,3871.277,2.000,7713.583008,0.000,0.000,0.818,"UPmOEu5mqz","L1","Scattered_Light","https://ldas-jobs.ligo-la.caltech.edu/~gravityspy/O3/ER13/9avBuCi9L4/UPmOEu5mqz.png"
1229060391.813,28.117,63.609,1.46e-21,3977.720,15.000,7945.525879,0.000,0.000,0.817,"HM1JBCN0bQ","L1","Scattered_Light","https://ldas-jobs.ligo-la.caltech.edu/~gravityspy/O3/ER13/XbrzDBIhP7/HM1JBCN0bQ.png"
1229056133.656,20.387,8.570,1.21e-21,3982.484,2.287,7935.997070,0.000,0.000,0.815,"O0PQxLuXgP","L1","Scattered_Light","https://ldas-jobs.ligo-la.caltech.edu/~gravityspy/O3/ER13/XbrzDBIhP7/O0PQxLuXgP.png"
1229054169.938,21.146,14.154,1.88e-21,3977.897,3.000,7945.170410,0.000,0.000,0.815,"b9hJ0o7FTB","L1","Scattered_Light","https://ldas-jobs.ligo-la.caltech.edu/~gravityspy/O3/ER13/XbrzDBIhP7/b9hJ0o7FTB.png"
1229136470.313,19.344,14.649,1.86e-21,3870.748,3.000,7714.640625,0.000,0.000,0.809,"30QyyuZe08","L1","Scattered_Light","https://ldas-jobs.ligo-la.caltech.edu/~gravityspy/O3/ER13/qjYZFqQhHo/30QyyuZe08.png"
1228990552.313,21.526,22.116,1.75e-21,3982.484,2.250,7935.997070,0.000,0.000,0.808,"mSTNHoBXRo","L1","Scattered_Light","https://ldas-jobs.ligo-la.caltech.edu/~gravityspy/O3/ER13/9avBuCi9L4/mSTNHoBXRo.png"
1229148563.063,25.722,44.077,1.13e-21,3979.958,2.809,7941.049805,0.000,0.000,0.807,"K29ine6HOD","L1","Scattered_Light","https://ldas-jobs.ligo-la.caltech.edu/~gravityspy/O3/ER13/qjYZFqQhHo/K29ine6HOD.png"
1229053268.563,19.344,8.621,3.06e-21,1303.974,1.750,2578.977539,0.000,0.000,0.806,"ADySWI2TRC","L1","Scattered_Light","https://ldas-jobs.ligo-la.caltech.edu/~gravityspy/O3/ER13/XbrzDBIhP7/ADySWI2TRC.png"
1228985065.063,19.692,11.166,1.49e-21,3980.061,5.000,7940.843262,0.000,0.000,0.802,"jNNCL0GxBZ","L1","Scattered_Light","https://ldas-jobs.ligo-la.caltech.edu/~gravityspy/O3/ER13/9avBuCi9L4/jNNCL0GxBZ.png"
1229055153.188,22.707,32.105,2.09e-21,3977.491,4.285,7945.982910,0.000,0.000,0.802,"3QLr8pi0Gd","L1","Scattered_Light","https://ldas-jobs.ligo-la.caltech.edu/~gravityspy/O3/ER13/XbrzDBIhP7/3QLr8pi0Gd.png"
1228989519.281,20.387,14.575,1.75e-21,3002.581,2.050,5987.956543,0.000,0.000,0.801,"i0dXDoxrXE","L1","Scattered_Light","https://ldas-jobs.ligo-la.caltech.edu/~gravityspy/O3/ER13/9avBuCi9L4/i0dXDoxrXE.png"
1228989093.938,23.115,25.167,1.45e-21,31.713,2.750,41.490650,0.000,0.000,0.801,"J6GMj2s0Kx","L1","Scattered_Light","https://ldas-jobs.ligo-la.caltech.edu/~gravityspy/O3/ER13/9avBuCi9L4/J6GMj2s0Kx.png"
1229063518.875,25.900,58.686,2.53e-21,3977.720,18.250,7945.525879,0.000,0.000,0.800,"ejq4W1JaV9","L1","Scattered_Light","https://ldas-jobs.ligo-la.caltech.edu/~gravityspy/O3/ER13/XbrzDBIhP7/ejq4W1JaV9.png"
1228984197.063,20.046,11.158,1.86e-21,3881.117,1.750,7733.262695,0.000,0.000,0.793,"fQ1DNBrz6d","L1","Scattered_Light","https://ldas-jobs.ligo-la.caltech.edu/~gravityspy/O3/ER13/9avBuCi9L4/fQ1DNBrz6d.png"
1229060274.438,21.146,21.115,2.71e-21,3982.484,2.934,7935.997070,0.000,0.000,0.793,"o19QBoYypW","L1","Scattered_Light","https://ldas-jobs.ligo-la.caltech.edu/~gravityspy/O3/ER13/XbrzDBIhP7/o19QBoYypW.png"
1228992460.188,21.526,13.146,1.44e-21,3980.725,2.200,7939.515137,0.000,0.000,0.792,"YkUdOrkEkW","L1","Scattered_Light","https://ldas-jobs.ligo-la.caltech.edu/~gravityspy/O3/ER13/9avBuCi9L4/YkUdOrkEkW.png"
1228989202.563,19.344,12.361,2.65e-21,1008.007,1.750,1987.043457,0.000,0.000,0.792,"xOguGwndOV","L1","Scattered_Light","https://ldas-jobs.ligo-la.caltech.edu/~gravityspy/O3/ER13/9avBuCi9L4/xOguGwndOV.png"
1228980106.438,24.822,43.278,1.41e-21,3979.047,5.500,7942.870605,0.000,0.000,0.792,"CW0L5SsLf5","L1","Scattered_Light","https://ldas-jobs.ligo-la.caltech.edu/~gravityspy/O3/ER13/9avBuCi9L4/CW0L5SsLf5.png"
1229061691.813,19.692,8.108,2.11e-21,1649.936,1.250,3263.969971,0.000,0.000,0.792,"UIs9wz0IM9","L1","Scattered_Light","https://ldas-jobs.ligo-la.caltech.edu/~gravityspy/O3/ER13/XbrzDBIhP7/UIs9wz0IM9.png"
1228992071.938,24.384,46.588,1.66e-21,3978.313,3.107,7944.340332,0.000,0.000,0.791,"EQr6lHeCpA","L1","Scattered_Light","https://ldas-jobs.ligo-la.caltech.edu/~gravityspy/O3/ER13/9avBuCi9L4/EQr6lHeCpA.png"
1228994551.813,19.344,13.165,2.21e-21,3977.720,7.698,7945.525879,0.000,0.000,0.789,"XS89OcVfuD","L1","Scattered_Light","https://ldas-jobs.ligo-la.caltech.edu/~gravityspy/O3/ER13/9avBuCi9L4/XS89OcVfuD.png"
1228981567.313,20.046,14.309,1.90e-21,3982.484,2.229,7935.997070,0.000,0.000,0.787,"4USMX0p92l","L1","Scattered_Light","https://ldas-jobs.ligo-la.caltech.edu/~gravityspy/O3/ER13/9avBuCi9L4/4USMX0p92l.png"
1228979856.969,21.803,25.258,1.46e-21,3982.484,3.079,7935.997070,0.000,0.000,0.787,"RR7Gnbbt66","L1","Scattered_Light","https://ldas-jobs.ligo-la.caltech.edu/~gravityspy/O3/ER13/9avBuCi9L4/RR7Gnbbt66.png"
1229055280.188,21.913,23.049,1.78e-21,224.662,3.500,437.934937,0.000,0.000,0.785,"ummWlPA3PJ","L1","Scattered_Light","https://ldas-jobs.ligo-la.caltech.edu/~gravityspy/O3/ER13/XbrzDBIhP7/ummWlPA3PJ.png"
1229052743.063,19.692,12.439,2.85e-21,3982.484,1.336,7935.997070,0.000,0.000,0.783,"5VRMRSZiSv","L1","Scattered_Light","https://ldas-jobs.ligo-la.caltech.edu/~gravityspy/O3/ER13/XbrzDBIhP7/5VRMRSZiSv.png"
1229067563.875,18.338,10.186,1.07e-20,3982.484,1.789,7935.997070,0.000,0.000,0.778,"f3Vzz6ZteL","L1","Scattered_Light","https://ldas-jobs.ligo-la.caltech.edu/~gravityspy/O3/ER13/XbrzDBIhP7/f3Vzz6ZteL.png"
1228991073.813,28.623,42.509,1.02e-21,3979.958,8.500,7941.049805,0.000,0.000,0.778,"LWU5x2K9xT","L1","Scattered_Light","https://ldas-jobs.ligo-la.caltech.edu/~gravityspy/O3/ER13/9avBuCi9L4/LWU5x2K9xT.png"
1229065974.344,19.962,11.489,3.15e-21,3982.484,2.089,7935.997070,0.000,0.000,0.777,"O1Xci9DydP","L1","Scattered_Light","https://ldas-jobs.ligo-la.caltech.edu/~gravityspy/O3/ER13/XbrzDBIhP7/O1Xci9DydP.png"
1229057183.063,21.913,30.264,2.48e-21,3610.219,1.500,7209.615234,0.000,0.000,0.776,"aAY2ledqGt","L1","Scattered_Light","https://ldas-jobs.ligo-la.caltech.edu/~gravityspy/O3/ER13/XbrzDBIhP7/aAY2ledqGt.png"
1229146614.375,19.003,8.903,1.30e-21,3486.424,1.750,6956.100586,0.000,0.000,0.775,"LSItTGywfZ","L1","Scattered_Light","https://ldas-jobs.ligo-la.caltech.edu/~gravityspy/O3/ER13/qjYZFqQhHo/LSItTGywfZ.png"
1228968684.688,19.063,14.449,2.68e-21,3982.484,2.250,7935.997070,0.000,0.000,0.775,"6F5t9IJE3u","L1","Scattered_Light","https://ldas-jobs.ligo-la.caltech.edu/~gravityspy/O3/ER13/9avBuCi9L4/6F5t9IJE3u.png"
1228985813.188,21.526,14.072,1.13e-21,3980.370,2.250,7940.225098,0.000,0.000,0.774,"JPfIMRVoDb","L1","Scattered_Light","https://ldas-jobs.ligo-la.caltech.edu/~gravityspy/O3/ER13/9avBuCi9L4/JPfIMRVoDb.png"
1229053943.125,26.146,24.189,7.36e-22,3024.021,2.180,6038.127441,0.000,0.000,0.768,"OOPW3TWJYj","L1","Scattered_Light","https://ldas-jobs.ligo-la.caltech.edu/~gravityspy/O3/ER13/XbrzDBIhP7/OOPW3TWJYj.png"
1229061807.125,18.667,7.778,3.66e-21,27.074,1.500,21.295240,0.000,0.000,0.762,"xz85YmCFUZ","L1","Scattered_Light","https://ldas-jobs.ligo-la.caltech.edu/~gravityspy/O3/ER13/XbrzDBIhP7/xz85YmCFUZ.png"
1228975715.313,21.146,16.068,1.67e-21,3980.061,3.799,7940.843262,0.000,0.000,0.762,"WWwbXBMZgY","L1","Scattered_Light","https://ldas-jobs.ligo-la.caltech.edu/~gravityspy/O3/ER13/9avBuCi9L4/WWwbXBMZgY.png"
1229052977.938,25.268,59.156,2.19e-21,3977.720,9.511,7945.525879,0.000,0.000,0.760,"d4hy5bqQ8h","L1","Scattered_Light","https://ldas-jobs.ligo-la.caltech.edu/~gravityspy/O3/ER13/XbrzDBIhP7/d4hy5bqQ8h.png"
1229060369.313,20.046,11.348,3.36e-21,3980.075,1.750,7940.814453,0.000,0.000,0.760,"yvIAnyEaA2","L1","Scattered_Light","https://ldas-jobs.ligo-la.caltech.edu/~gravityspy/O3/ER13/XbrzDBIhP7/yvIAnyEaA2.png"
1229052665.188,25.722,57.584,1.93e-21,3977.241,9.505,7946.482910,0.000,0.000,0.759,"Duuy7Qlc7l","L1","Scattered_Light","https://ldas-jobs.ligo-la.caltech.edu/~gravityspy/O3/ER13/XbrzDBIhP7/Duuy7Qlc7l.png"
1229054988.313,22.306,32.445,2.53e-21,3619.419,2.750,7227.159180,0.000,0.000,0.756,"YOik4vyXYl","L1","Scattered_Light","https://ldas-jobs.ligo-la.caltech.edu/~gravityspy/O3/ER13/XbrzDBIhP7/YOik4vyXYl.png"
1229061540.625,26.394,80.435,2.27e-21,3977.241,17.372,7946.482910,0.000,0.000,0.748,"fA5dw3rlwR","L1","Scattered_Light","https://ldas-jobs.ligo-la.caltech.edu/~gravityspy/O3/ER13/XbrzDBIhP7/fA5dw3rlwR.png"
1228983396.813,20.406,13.531,2.27e-21,3978.313,6.250,7944.340332,0.000,0.000,0.747,"d6iWLn1kuz","L1","Scattered_Light","https://ldas-jobs.ligo-la.caltech.edu/~gravityspy/O3/ER13/9avBuCi9L4/d6iWLn1kuz.png"
1229053942.438,27.134,53.924,1.96e-21,3977.720,3.854,7945.525879,0.000,0.000,0.747,"tbRuIPVATd","L1","Scattered_Light","https://ldas-jobs.ligo-la.caltech.edu/~gravityspy/O3/ER13/XbrzDBIhP7/tbRuIPVATd.png"
1229059968.313,23.531,54.449,2.73e-21,3977.720,8.000,7945.525879,0.000,0.000,0.745,"Pdm6QCGPI4","L1","Scattered_Light","https://ldas-jobs.ligo-la.caltech.edu/~gravityspy/O3/ER13/XbrzDBIhP7/Pdm6QCGPI4.png"
1228990413.563,20.406,12.147,1.55e-21,3131.547,2.084,6250.809082,0.000,0.000,0.745,"w3jzBjxBYR","L1","Scattered_Light","https://ldas-jobs.ligo-la.caltech.edu/~gravityspy/O3/ER13/9avBuCi9L4/w3jzBjxBYR.png"
1229065693.688,10.416,138.587,7.99e-18,3977.720,19.500,7945.525879,0.000,0.000,0.744,"TfjYsqKMDG","L1","Scattered_Light","https://ldas-jobs.ligo-la.caltech.edu/~gravityspy/O3/ER13/XbrzDBIhP7/TfjYsqKMDG.png"
1229062720.188,23.115,12.497,6.55e-22,58.644,1.750,98.766159,0.000,0.000,0.742,"bij0ugSf5r","L1","Scattered_Light","https://ldas-jobs.ligo-la.caltech.edu/~gravityspy/O3/ER13/XbrzDBIhP7/bij0ugSf5r.png"
1228994272.063,26.184,26.276,7.46e-22,3980.370,3.123,7940.225098,0.000,0.000,0.740,"4zh0hTBMbZ","L1","Scattered_Light","https://ldas-jobs.ligo-la.caltech.edu/~gravityspy/O3/ER13/9avBuCi9L4/4zh0hTBMbZ.png"
1229068606.813,10.416,14.282,1.07e-18,3978.313,7.000,7944.340332,0.000,0.000,0.736,"HLxk1qWDWg","L1","Scattered_Light","https://ldas-jobs.ligo-la.caltech.edu/~gravityspy/O3/ER13/XbrzDBIhP7/HLxk1qWDWg.png"
1228992020.188,25.268,38.796,1.19e-21,3982.484,3.750,7935.997070,0.000,0.000,0.736,"G0Ob1hkzd2","L1","Scattered_Light","https://ldas-jobs.ligo-la.caltech.edu/~gravityspy/O3/ER13/9avBuCi9L4/G0Ob1hkzd2.png"
1229141523.813,23.531,24.191,9.18e-22,3977.241,11.250,7946.482910,0.000,0.000,0.729,"RWiC4k7hOi","L1","Scattered_Light","https://ldas-jobs.ligo-la.caltech.edu/~gravityspy/O3/ER13/qjYZFqQhHo/RWiC4k7hOi.png"
1229058595.688,20.773,18.102,2.33e-21,3903.600,3.250,7795.812500,0.000,0.000,0.729,"Bb7v3JerGt","L1","Scattered_Light","https://ldas-jobs.ligo-la.caltech.edu/~gravityspy/O3/ER13/XbrzDBIhP7/Bb7v3JerGt.png"
1229059806.313,19.063,11.761,3.26e-21,218.168,2.000,412.957825,0.000,0.000,0.728,"Tv1SlYYjzY","L1","Scattered_Light","https://ldas-jobs.ligo-la.caltech.edu/~gravityspy/O3/ER13/XbrzDBIhP7/Tv1SlYYjzY.png"
1228977743.734,24.117,16.472,5.42e-22,3979.958,3.000,7941.049805,0.000,0.000,0.725,"uhk6KCoUzk","L1","Scattered_Light","https://ldas-jobs.ligo-la.caltech.edu/~gravityspy/O3/ER13/9avBuCi9L4/uhk6KCoUzk.png"
1228976583.188,23.531,28.944,1.24e-21,3977.241,6.076,7946.482910,0.000,0.000,0.725,"myWnUIJZW8","L1","Scattered_Light","https://ldas-jobs.ligo-la.caltech.edu/~gravityspy/O3/ER13/9avBuCi9L4/myWnUIJZW8.png"
1228976232.813,26.184,48.040,1.33e-21,3978.769,9.250,7943.428223,0.000,0.000,0.722,"aJkDLoXqHR","L1","Scattered_Light","https://ldas-jobs.ligo-la.caltech.edu/~gravityspy/O3/ER13/9avBuCi9L4/aJkDLoXqHR.png"
1229052909.656,21.083,21.828,2.52e-21,3517.328,3.500,7026.655762,0.000,0.000,0.722,"muEioMEoFL","L1","Scattered_Light","https://ldas-jobs.ligo-la.caltech.edu/~gravityspy/O3/ER13/XbrzDBIhP7/muEioMEoFL.png"
1229064813.688,29.137,81.112,1.99e-21,3977.720,15.409,7945.525879,0.000,0.000,0.719,"dyX6UP0Bds","L1","Scattered_Light","https://ldas-jobs.ligo-la.caltech.edu/~gravityspy/O3/ER13/XbrzDBIhP7/dyX6UP0Bds.png"
1229145794.438,21.526,10.632,5.57e-22,3982.484,1.840,7935.997070,0.000,0.000,0.715,"3m7MJf7TJN","L1","Scattered_Light","https://ldas-jobs.ligo-la.caltech.edu/~gravityspy/O3/ER13/qjYZFqQhHo/3m7MJf7TJN.png"
1229058080.563,21.913,12.908,1.16e-21,3979.958,6.500,7941.049805,0.000,0.000,0.709,"N4xPtQOLBS","L1","Scattered_Light","https://ldas-jobs.ligo-la.caltech.edu/~gravityspy/O3/ER13/XbrzDBIhP7/N4xPtQOLBS.png"
1228986089.125,23.562,33.919,1.22e-21,3984.154,3.289,7932.657227,0.000,0.000,0.701,"emsDSwe6Tu","L1","Scattered_Light","https://ldas-jobs.ligo-la.caltech.edu/~gravityspy/O3/ER13/9avBuCi9L4/emsDSwe6Tu.png"
1229062358.188,27.621,77.952,2.12e-21,3977.720,12.000,7945.525879,0.000,0.000,0.688,"oOHp7jFqPn","L1","Scattered_Light","https://ldas-jobs.ligo-la.caltech.edu/~gravityspy/O3/ER13/XbrzDBIhP7/oOHp7jFqPn.png"
1229063596.313,26.655,53.103,2.37e-21,3978.313,7.138,7944.340332,0.000,0.000,0.684,"1uoCgbg1zv","L1","Scattered_Light","https://ldas-jobs.ligo-la.caltech.edu/~gravityspy/O3/ER13/XbrzDBIhP7/1uoCgbg1zv.png"
1229056259.938,27.134,62.736,1.64e-21,3000.758,11.750,5991.602051,0.000,0.000,0.683,"pp687kz01r","L1","Scattered_Light","https://ldas-jobs.ligo-la.caltech.edu/~gravityspy/O3/ER13/XbrzDBIhP7/pp687kz01r.png"
1229059485.688,21.913,34.281,2.87e-21,3978.040,3.563,7944.886719,0.000,0.000,0.682,"bahxYCzLHB","L1","Scattered_Light","https://ldas-jobs.ligo-la.caltech.edu/~gravityspy/O3/ER13/XbrzDBIhP7/bahxYCzLHB.png"
1228993826.656,28.523,41.847,1.04e-21,3979.801,4.250,7941.364258,0.000,0.000,0.678,"QcbVllAQrS","L1","Scattered_Light","https://ldas-jobs.ligo-la.caltech.edu/~gravityspy/O3/ER13/9avBuCi9L4/QcbVllAQrS.png"
1228975473.063,25.722,46.837,1.23e-21,3811.335,2.750,7599.308105,0.000,0.000,0.677,"cPjKcTzmpl","L1","Scattered_Light","https://ldas-jobs.ligo-la.caltech.edu/~gravityspy/O3/ER13/9avBuCi9L4/cPjKcTzmpl.png"
1229061833.813,20.406,8.176,1.50e-21,1822.151,1.330,3608.400391,0.000,0.000,0.674,"oyNw3IpNZk","L1","Scattered_Light","https://ldas-jobs.ligo-la.caltech.edu/~gravityspy/O3/ER13/XbrzDBIhP7/oyNw3IpNZk.png"
1228977447.313,23.531,24.328,9.89e-22,3623.742,3.087,7218.512695,0.000,0.000,0.669,"2iN0YEmv07","L1","Scattered_Light","https://ldas-jobs.ligo-la.caltech.edu/~gravityspy/O3/ER13/9avBuCi9L4/2iN0YEmv07.png"
1228986552.438,25.268,22.917,6.51e-22,3977.720,7.982,7945.525879,0.000,0.000,0.668,"Y41vMSM9mz","L1","Scattered_Light","https://ldas-jobs.ligo-la.caltech.edu/~gravityspy/O3/ER13/9avBuCi9L4/Y41vMSM9mz.png"
1229139627.063,21.526,17.687,1.17e-21,3982.484,3.986,7935.997070,0.000,0.000,0.667,"kycm7sOiVF","L1","Scattered_Light","https://ldas-jobs.ligo-la.caltech.edu/~gravityspy/O3/ER13/qjYZFqQhHo/kycm7sOiVF.png"
1228975513.547,24.117,16.225,5.80e-22,3982.484,3.482,7935.997070,0.000,0.000,0.665,"IFiN77Iq0S","L1","Scattered_Light","https://ldas-jobs.ligo-la.caltech.edu/~gravityspy/O3/ER13/9avBuCi9L4/IFiN77Iq0S.png"
1228987698.156,28.523,49.208,1.12e-21,3977.720,21.925,7945.525879,0.000,0.000,0.665,"HNPdzBe8WS","L1","Scattered_Light","https://ldas-jobs.ligo-la.caltech.edu/~gravityspy/O3/ER13/9avBuCi9L4/HNPdzBe8WS.png"
1228985775.063,23.953,36.984,1.38e-21,3940.740,6.000,7869.803711,0.000,0.000,0.665,"QSCeNRCbJb","L1","Scattered_Light","https://ldas-jobs.ligo-la.caltech.edu/~gravityspy/O3/ER13/9avBuCi9L4/QSCeNRCbJb.png"
1228987489.438,19.344,7.534,1.27e-21,1137.206,1.047,2245.440186,0.000,0.000,0.662,"Snkk1ds4zL","L1","Scattered_Light","https://ldas-jobs.ligo-la.caltech.edu/~gravityspy/O3/ER13/9avBuCi9L4/Snkk1ds4zL.png"
1228988243.781,21.083,14.665,1.28e-21,3877.680,3.519,7740.136230,0.000,0.000,0.662,"HojfeFQDjk","L1","Scattered_Light","https://ldas-jobs.ligo-la.caltech.edu/~gravityspy/O3/ER13/9avBuCi9L4/HojfeFQDjk.png"
1228984856.313,26.184,48.566,1.24e-21,3977.241,6.500,7946.482910,0.000,0.000,0.662,"bujod3l1kI","L1","Scattered_Light","https://ldas-jobs.ligo-la.caltech.edu/~gravityspy/O3/ER13/9avBuCi9L4/bujod3l1kI.png"
1229054975.875,18.338,7.599,3.74e-21,2817.549,1.616,5625.311523,0.000,0.000,0.661,"zAwPV0Ckif","L1","Scattered_Light","https://ldas-jobs.ligo-la.caltech.edu/~gravityspy/O3/ER13/XbrzDBIhP7/zAwPV0Ckif.png"
1229056723.063,19.344,8.049,2.47e-21,3984.217,1.431,7932.532227,0.000,0.000,0.659,"rM59M3QnTA","L1","Scattered_Light","https://ldas-jobs.ligo-la.caltech.edu/~gravityspy/O3/ER13/XbrzDBIhP7/rM59M3QnTA.png"
1228978209.063,25.268,32.049,9.34e-22,1638.736,2.500,3258.605957,0.000,0.000,0.658,"H7AbxwRTVn","L1","Scattered_Light","https://ldas-jobs.ligo-la.caltech.edu/~gravityspy/O3/ER13/9avBuCi9L4/H7AbxwRTVn.png"
1228980074.188,24.822,20.076,6.72e-22,3977.720,5.250,7945.525879,0.000,0.000,0.656,"R4p8NSQGZV","L1","Scattered_Light","https://ldas-jobs.ligo-la.caltech.edu/~gravityspy/O3/ER13/9avBuCi9L4/R4p8NSQGZV.png"
1229057255.313,23.531,43.439,2.34e-21,3977.720,7.473,7945.525879,0.000,0.000,0.655,"Lno8RwalWZ","L1","Scattered_Light","https://ldas-jobs.ligo-la.caltech.edu/~gravityspy/O3/ER13/XbrzDBIhP7/Lno8RwalWZ.png"
1229060373.594,21.261,9.792,1.17e-21,3982.484,1.500,7935.997070,0.000,0.000,0.654,"RJpq9QV3VE","L1","Scattered_Light","https://ldas-jobs.ligo-la.caltech.edu/~gravityspy/O3/ER13/XbrzDBIhP7/RJpq9QV3VE.png"
1228992250.188,25.722,43.672,1.37e-21,3979.047,16.137,7942.870605,0.000,0.000,0.647,"FfME72ky8R","L1","Scattered_Light","https://ldas-jobs.ligo-la.caltech.edu/~gravityspy/O3/ER13/9avBuCi9L4/FfME72ky8R.png"
1229059299.938,20.046,11.873,2.57e-21,19.292,2.500,29.736271,0.000,0.000,0.647,"Weo8tUMZ5J","L1","Scattered_Light","https://ldas-jobs.ligo-la.caltech.edu/~gravityspy/O3/ER13/XbrzDBIhP7/Weo8tUMZ5J.png"
1229057226.813,22.707,36.809,2.27e-21,3978.088,2.500,7944.788574,0.000,0.000,0.642,"8Sb9F9Ohwj","L1","Scattered_Light","https://ldas-jobs.ligo-la.caltech.edu/~gravityspy/O3/ER13/XbrzDBIhP7/8Sb9F9Ohwj.png"
1229067230.688,25.268,56.860,1.82e-21,3978.351,7.000,7944.264160,0.000,0.000,0.641,"vd30fOcGsB","L1","Scattered_Light","https://ldas-jobs.ligo-la.caltech.edu/~gravityspy/O3/ER13/XbrzDBIhP7/vd30fOcGsB.png"
1228978224.063,21.913,20.761,1.44e-21,3977.720,8.142,7945.525879,0.000,0.000,0.636,"f2gTJAatGA","L1","Scattered_Light","https://ldas-jobs.ligo-la.caltech.edu/~gravityspy/O3/ER13/9avBuCi9L4/f2gTJAatGA.png"
1228992435.313,24.822,39.578,1.34e-21,3978.553,13.500,7943.859375,0.000,0.000,0.636,"uoqnJddiqD","L1","Scattered_Light","https://ldas-jobs.ligo-la.caltech.edu/~gravityspy/O3/ER13/9avBuCi9L4/uoqnJddiqD.png"
1229057726.313,25.722,79.919,2.52e-21,3977.241,11.000,7946.482910,0.000,0.000,0.635,"5uIMM52Dsz","L1","Scattered_Light","https://ldas-jobs.ligo-la.caltech.edu/~gravityspy/O3/ER13/XbrzDBIhP7/5uIMM52Dsz.png"
1228985687.688,19.692,9.415,1.42e-21,3699.507,2.000,7384.904297,0.000,0.000,0.632,"dEGwyTMbQ9","L1","Scattered_Light","https://ldas-jobs.ligo-la.caltech.edu/~gravityspy/O3/ER13/9avBuCi9L4/dEGwyTMbQ9.png"
1228977504.844,21.083,13.911,1.23e-21,3982.484,2.565,7935.997070,0.000,0.000,0.632,"SYLcM6xcqV","L1","Scattered_Light","https://ldas-jobs.ligo-la.caltech.edu/~gravityspy/O3/ER13/9avBuCi9L4/SYLcM6xcqV.png"
1228990675.563,19.063,9.246,1.94e-21,21.026,2.000,13.080460,0.000,0.000,0.631,"VTh4qcucj2","L1","Scattered_Light","https://ldas-jobs.ligo-la.caltech.edu/~gravityspy/O3/ER13/9avBuCi9L4/VTh4qcucj2.png"
1229053893.938,10.416,154.632,1.24e-17,3977.720,47.250,7945.525879,0.000,0.000,0.621,"BzmjQxld00","L1","Scattered_Light","https://ldas-jobs.ligo-la.caltech.edu/~gravityspy/O3/ER13/XbrzDBIhP7/BzmjQxld00.png"
1229066006.594,19.962,8.355,2.33e-21,2083.811,1.500,4138.649902,0.000,0.000,0.616,"xwnnXSSoRg","L1","Scattered_Light","https://ldas-jobs.ligo-la.caltech.edu/~gravityspy/O3/ER13/XbrzDBIhP7/xwnnXSSoRg.png"
1229062314.313,25.268,93.671,2.41e-21,3977.720,8.040,7945.525879,0.000,0.000,0.613,"AU5Ex6DdaB","L1","Scattered_Light","https://ldas-jobs.ligo-la.caltech.edu/~gravityspy/O3/ER13/XbrzDBIhP7/AU5Ex6DdaB.png"
1229055593.688,24.822,44.007,1.83e-21,3977.720,13.348,7945.525879,0.000,0.000,0.610,"xXrhnfhLYj","L1","Scattered_Light","https://ldas-jobs.ligo-la.caltech.edu/~gravityspy/O3/ER13/XbrzDBIhP7/xXrhnfhLYj.png"
1228975708.813,25.268,46.236,1.40e-21,3980.905,1.768,7939.154785,0.000,0.000,0.607,"yZO8Ps3wli","L1","Scattered_Light","https://ldas-jobs.ligo-la.caltech.edu/~gravityspy/O3/ER13/9avBuCi9L4/yZO8Ps3wli.png"
1229138896.938,23.531,30.305,1.17e-21,3977.241,4.360,7946.482910,0.000,0.000,0.604,"NCSe7Iii4e","L1","Scattered_Light","https://ldas-jobs.ligo-la.caltech.edu/~gravityspy/O3/ER13/qjYZFqQhHo/NCSe7Iii4e.png"
1229053657.938,21.913,10.421,7.36e-22,3798.873,1.760,7568.773926,0.000,0.000,0.603,"7DhN5WJGcW","L1","Scattered_Light","https://ldas-jobs.ligo-la.caltech.edu/~gravityspy/O3/ER13/XbrzDBIhP7/7DhN5WJGcW.png"
1229140577.313,19.692,16.441,1.61e-21,3745.565,2.250,7462.158691,0.000,0.000,0.601,"ezgLc1PmtN","L1","Scattered_Light","https://ldas-jobs.ligo-la.caltech.edu/~gravityspy/O3/ER13/qjYZFqQhHo/ezgLc1PmtN.png"
